trace_id,endpoint,is_correct,structural_stability,n_bonds,n_entropy_points,initial_entropy,final_entropy,covalent_ratio,hydrogen_ratio,vdw_ratio
0257e9af-dce0-475c-a522-74f895efe7b9,cyp2c9_veith,True,2.454659473234639e-13,210,210,-0.0,1.4131886988372588,0.20476190476190476,0.22380952380952382,0.5714285714285714
0496bba3-f239-45c9-82e6-8bbb6f853ac5,cyp2c9_veith,True,8.832017489887098e-17,190,190,-0.0,1.4667204647525454,0.16842105263157894,0.34210526315789475,0.48947368421052634
060fbdf7-98d5-4eb1-a4ec-659c43e7b3be,cyp2c9_veith,True,2.8235280271674134e-20,210,210,-0.0,1.3553229562271478,0.10476190476190476,0.3619047619047619,0.5333333333333333
06624bf6-3347-4e6d-903a-675b1a315ab9,cyp2c9_veith,True,1.6733383391433688e-23,171,171,-0.0,1.3124308023479359,0.15789473684210525,0.21052631578947367,0.631578947368421
07c25b31-8f48-4c2b-aa09-7f3d48434d60,cyp2c9_veith,,,1,1,-0.0,-0.0,1.0,0.0,0.0
08391cb9-ce9f-46b2-9508-9ba98903eb16,cyp2c9_veith,True,3.718855613014539e-23,190,190,-0.0,1.2889712572884897,0.17894736842105263,0.1736842105263158,0.6473684210526316
0967320f-d62d-4b8e-85ac-d1250022394f,cyp2c9_veith,True,2.1438865513184012e-20,378,378,-0.0,1.3398422097444795,0.12962962962962962,0.2751322751322751,0.5952380952380952
0a75337a-fd2c-434f-b9d0-4a801262160a,cyp2c9_veith,True,1.9324615746318074e-23,171,171,-0.0,1.450366323427432,0.2222222222222222,0.23391812865497075,0.543859649122807
0dd4a92d-ffa3-4f1b-8748-a11f9b8ee42e,cyp2c9_veith,False,1.0974611805788812e-18,21,21,-0.0,1.2677702161044204,0.2857142857142857,0.09523809523809523,0.6190476190476191
0fa73734-8740-499d-b32f-a13c0255e674,cyp2c9_veith,True,1.8456062037747455e-21,300,300,-0.0,1.3209849353663925,0.15,0.22666666666666666,0.6233333333333333
114c3d4e-125a-4636-9505-34655a96b6e5,cyp2c9_veith,True,2.163714364199549e-24,190,190,-0.0,1.4885652333143442,0.18947368421052632,0.3263157894736842,0.4842105263157895
11518dfe-f1f8-41ea-b1a8-11391380f270,cyp2c9_veith,True,1.8566023494375096e-17,300,300,-0.0,1.3734643950378893,0.17,0.23666666666666666,0.5933333333333334
13f43361-19dd-4187-98cd-11c069ca014b,cyp2c9_veith,True,1.477983160885721e-18,171,171,-0.0,1.200045668736675,0.11695906432748537,0.19883040935672514,0.6842105263157895
15f823e4-6eb4-40ef-9876-919f955ac82a,cyp2c9_veith,True,3.0509149656882516e-24,253,253,-0.0,1.3085722795973342,0.1422924901185771,0.22924901185770752,0.6284584980237155
1768f3bb-b92d-4263-9549-4ad133f70bee,cyp2c9_veith,True,8.633295419123872e-22,231,231,-0.0,1.3293330813384119,0.16883116883116883,0.2077922077922078,0.6233766233766234
185891ac-8af7-4f0f-94dc-1e2a4dd74c4b,cyp2c9_veith,True,3.197794817094055e-18,325,325,-0.0,1.3353916976044788,0.18769230769230769,0.19076923076923077,0.6215384615384615
1f5c693e-3e3b-4e59-ad5f-2f4f84bf0d3a,cyp2c9_veith,True,4.549883665863119e-22,210,210,-0.0,1.4310064824127182,0.17142857142857143,0.2857142857142857,0.5428571428571428
224e3d56-149d-4280-b9ff-fd00272de2c7,cyp2c9_veith,False,1.1051868107408807e-21,276,276,-0.0,1.4006651265621564,0.18115942028985507,0.2427536231884058,0.5760869565217391
259bbcb3-b611-4762-ab11-a56ec65d5f71,cyp2c9_veith,True,8.905732697927528e-22,210,210,-0.0,1.5272692642257981,0.3333333333333333,0.21904761904761905,0.44761904761904764
2690174a-8962-430b-8469-8f6e7212cf12,cyp2c9_veith,True,6.658227848222844e-17,210,210,-0.0,1.2552019025891488,0.14285714285714285,0.19523809523809524,0.6619047619047619
272650a8-ea49-4e44-b804-2ff7aad1e16e,cyp2c9_veith,True,3.616278017913342e-24,253,253,-0.0,1.311163949295599,0.14624505928853754,0.22529644268774704,0.6284584980237155
2854408e-a5ad-412a-af9e-f62f1c6debb4,cyp2c9_veith,True,7.921208236080311e-25,406,406,-0.0,1.4356467164029114,0.18472906403940886,0.2684729064039409,0.5467980295566502
2980ec4e-8dc8-437d-b2bc-29eea5ae5de4,cyp2c9_veith,True,8.770228106578876e-17,171,171,-0.0,1.3992359699538754,0.1871345029239766,0.23391812865497075,0.5789473684210527
300fa456-2f09-4a18-be4d-217d3b6cd218,cyp2c9_veith,True,2.0997153885785115e-19,300,300,-0.0,1.3139575950171607,0.17333333333333334,0.19333333333333333,0.6333333333333333
30774cef-1832-458a-a3cb-7247fe81f20a,cyp2c9_veith,True,2.588832771617946e-18,231,231,-0.0,1.4153625476642269,0.19047619047619047,0.24242424242424243,0.5670995670995671
30f7f6de-d9e9-45d0-ade1-246aabd77cfa,cyp2c9_veith,False,2.0201362264483175e-21,231,231,-0.0,1.3949243415411956,0.2077922077922078,0.2077922077922078,0.5844155844155844
34265949-5af7-450b-a674-bbba5ca28e0e,cyp2c9_veith,True,8.061946168889146e-23,190,190,-0.0,1.3228002227986695,0.1631578947368421,0.21052631578947367,0.6263157894736842
34aaf679-2063-46b6-b15d-713c847f9760,cyp2c9_veith,True,4.128557229112929e-17,300,300,-0.0,1.4889096413237783,0.25666666666666665,0.23333333333333334,0.51
34b28048-6ddc-4dcf-aab9-2d50623b0cad,cyp2c9_veith,True,1.8796094180322384e-17,253,253,-0.0,1.2927836786838267,0.16205533596837945,0.19367588932806323,0.6442687747035574
37dcab5b-13ff-478e-82d5-77302bc0f231,cyp2c9_veith,True,2.8403327640406217e-18,253,253,-0.0,1.3203509383691827,0.16600790513833993,0.20553359683794467,0.6284584980237155
386a8a46-0906-4ad4-bfea-5cfd2a06a1a3,cyp2c9_veith,True,4.634032544186527e-17,231,231,-0.0,1.1419836109199495,0.16883116883116883,0.11688311688311688,0.7142857142857143
39bde75b-44af-4d54-89ea-fad2bd47150b,cyp2c9_veith,True,3.815887270458518e-20,210,210,-0.0,1.4249583711401237,0.2714285714285714,0.1761904761904762,0.5523809523809524
3f50422d-1bd7-48bd-90a4-a796b192692c,cyp2c9_veith,False,5.05751991430393e-17,325,325,-0.0,1.166412572816131,0.16923076923076924,0.12615384615384614,0.7046153846153846
45d1b161-ee00-49b0-afce-51b7ae31a9f7,cyp2c9_veith,True,1.1001905980629869e-21,171,171,-0.0,1.5003247515500893,0.21637426900584794,0.29239766081871343,0.49122807017543857
486d06ac-fbe2-42c2-a4fc-efad1d334cd7,cyp2c9_veith,False,1.290604675851095e-20,300,300,-0.0,1.0582741989496856,0.08,0.18,0.74
487270e1-fefe-43b7-9e19-254006e9226a,cyp2c9_veith,False,2.6161031549391673e-17,300,300,-0.0,1.330595000717011,0.17333333333333334,0.20333333333333334,0.6233333333333333
4b263678-724a-4a28-9d53-e23800ea78bd,cyp2c9_veith,False,3.584821301849136e-24,210,210,-0.0,1.4888976012690676,0.2,0.3047619047619048,0.49523809523809526
4efa9977-5621-4e8e-8896-59b8d5f121ee,cyp2c9_veith,True,3.1288161147416427e-18,253,253,-0.0,1.3830230397649295,0.1541501976284585,0.26877470355731226,0.5770750988142292
4f6483bc-bc5a-4263-bcf2-1f5c72b9ec35,cyp2c9_veith,False,3.9043517126161674e-21,276,276,-0.0,1.3421032570237306,0.15942028985507245,0.22826086956521738,0.6123188405797102
5037d76a-1cca-4b93-b1ab-65e404676ac3,cyp2c9_veith,True,1.3281535991833052e-20,300,300,-0.0,1.3439579528929324,0.22,0.16666666666666666,0.6133333333333333
50c73f84-c039-4d46-ba0e-3705d0688cdb,cyp2c9_veith,True,1.7032780536302841e-19,210,210,-0.0,1.2657475218740748,0.12380952380952381,0.22857142857142856,0.6476190476190476
5602ed83-0d0a-4011-9dee-1162878d6e8b,cyp2c9_veith,True,1.0446301052999815e-22,253,253,-0.0,1.2401392786505232,0.1541501976284585,0.17391304347826086,0.6719367588932806
567b80b2-1a6e-4cb7-9a0b-733eefba6086,cyp2c9_veith,True,4.550427380353434e-23,210,210,-0.0,1.370296063492194,0.19047619047619047,0.20952380952380953,0.6
591ac136-842b-4410-84b4-628bf9c3cce4,cyp2c9_veith,True,3.598055753832182e-21,210,210,-0.0,1.4146599568384035,0.2857142857142857,0.1619047619047619,0.5523809523809524
5cc37b73-11a1-4699-88ae-7e6a4ff8a4fa,cyp2c9_veith,True,9.064929246222198e-22,253,253,-0.0,1.3797373745953678,0.15019762845849802,0.2727272727272727,0.5770750988142292
5e1048d8-57e5-4131-ba36-3ad6063a5439,cyp2c9_veith,True,5.0518154401907175e-25,253,253,-0.0,1.3387442741438271,0.14624505928853754,0.2450592885375494,0.6086956521739131
5ea5c55f-ce99-42b4-81f1-0f33fce1fb16,cyp2c9_veith,True,1.7443485340748376e-17,171,171,-0.0,1.4071623750280449,0.27485380116959063,0.16374269005847952,0.5614035087719298
61300a73-d39d-4aa7-8bec-7913b2dfa514,cyp2c9_veith,False,6.643669792357389e-24,153,153,-0.0,1.5128468009973877,0.2222222222222222,0.3006535947712418,0.477124183006536
615c03f2-498d-4839-a8f5-cfd76e33bb9a,cyp2c9_veith,True,1.0552838422189468e-21,171,171,-0.0,1.2727898609159252,0.1871345029239766,0.15789473684210525,0.6549707602339181
638c342e-62bf-4cde-ba0a-bb88c934c8cb,cyp2c9_veith,True,4.239971802192429e-23,300,300,-0.0,1.330595000717011,0.20333333333333334,0.17333333333333334,0.6233333333333333
63aef33c-61c0-4c22-84b9-67a72fc45fce,cyp2c9_veith,True,3.0365462291478195e-23,253,253,-0.0,1.353733503495861,0.14624505928853754,0.25691699604743085,0.5968379446640316
64929109-af96-4186-81f8-2d77c632ca0d,cyp2c9_veith,True,3.64989670589592e-23,300,300,-0.0,1.375226174036907,0.21333333333333335,0.19,0.5966666666666667
6aa4a5d6-43f7-4166-8d10-0470ed27fba2,cyp2c9_veith,True,5.305595862763057e-22,276,276,-0.0,1.3401258727786063,0.15579710144927536,0.2318840579710145,0.6123188405797102
6e294346-c6aa-4f94-95b2-0bb8c8ff4e03,cyp2c9_veith,False,7.486487193151933e-20,300,300,-0.0,1.2661984045041614,0.24666666666666667,0.11333333333333333,0.64
72136e4e-873b-4f84-9ff8-86a54920caab,cyp2c9_veith,True,8.815706104230927e-18,231,231,-0.0,1.3319225422851646,0.19480519480519481,0.18181818181818182,0.6233766233766234
721edbe0-a5f0-4091-9b93-c6e226c9cad3,cyp2c9_veith,True,8.208638473508826e-21,171,171,-0.0,1.4417806768802688,0.21052631578947367,0.23976608187134502,0.5497076023391813
74c74c3c-eeb6-4083-8dce-ebb12eac774e,cyp2c9_veith,True,7.151817157557252e-25,253,253,-0.0,1.4138101031296884,0.19367588932806323,0.23715415019762845,0.5691699604743083
7b1e77ac-73f0-4ea7-9434-200a28d1258f,cyp2c9_veith,True,7.9941429751822e-20,171,171,-0.0,1.502114204383667,0.2631578947368421,0.23976608187134502,0.49707602339181284
7b8b9722-49c7-496c-9773-8f6eb0322f7c,cyp2c9_veith,True,2.1530024057959043e-21,253,253,-0.0,1.1619356211035106,0.13043478260869565,0.16205533596837945,0.7075098814229249
7ed8a5fa-58bc-4983-8a57-d181bc9fcad5,cyp2c9_veith,True,9.132750458143307e-22,253,253,-0.0,1.3088006552037572,0.17391304347826086,0.18972332015810275,0.6363636363636364
7f6cb938-c723-4589-8ef4-bc29df94c969,cyp2c9_veith,False,2.699880116322122e-23,253,253,-0.0,1.3429396386696522,0.22529644268774704,0.16205533596837945,0.6126482213438735
83889b34-8356-4a33-ab45-6820453a2279,cyp2c9_veith,False,2.5440673238116126e-15,171,171,-0.0,1.3257863043789029,0.1695906432748538,0.2046783625730994,0.6257309941520468
86621645-2ba2-480d-902e-0006137b1880,cyp2c9_veith,True,3.278140584836099e-22,378,378,-0.0,1.3058335191853134,0.12433862433862433,0.2566137566137566,0.6190476190476191
8e219849-ffa2-4f67-b34f-d9e762602e4c,cyp2c9_veith,True,0.00018131332880492163,253,253,-0.0,1.2604241426866003,0.13438735177865613,0.20948616600790515,0.6561264822134387
8e41e48b-2fe6-4fe6-a217-a72cb4f5f18d,cyp2c9_veith,True,7.082040439261473e-17,253,253,-0.0,1.3430714855177108,0.2015810276679842,0.18181818181818182,0.616600790513834
8e7636d6-e7cf-4cd3-9d0c-44fdf2a295b3,cyp2c9_veith,False,5.25887109555249e-20,300,300,-0.0,1.2582360191043187,0.17,0.16666666666666666,0.6633333333333333
916ac328-fb7f-443e-ba46-472e4776174f,cyp2c9_veith,True,5.236545886456778e-17,136,136,-0.0,1.5403426472563024,0.3014705882352941,0.25,0.4485294117647059
92e375d5-f33f-4824-ae71-be149c733d0f,cyp2c9_veith,True,3.119216225108167e-22,231,231,-0.0,1.200526359532179,0.12987012987012986,0.18181818181818182,0.6883116883116883
93894c51-e867-4e0f-9165-53697bfbc616,cyp2c9_veith,False,5.1065644183298867e-23,171,171,-0.0,1.316197335383759,0.19883040935672514,0.1695906432748538,0.631578947368421
94e989c6-5f5e-4ff4-850c-bca73a272e48,cyp2c9_veith,True,7.523363540754643e-17,171,171,-0.0,1.464638298610749,0.23976608187134502,0.22807017543859648,0.5321637426900585
9739fa72-0186-4aa5-96cf-b6017306ce83,cyp2c9_veith,True,2.167571395071557e-22,136,136,-0.0,1.4917783330829315,0.25735294117647056,0.23529411764705882,0.5073529411764706
99d95c32-a504-46b6-bdb6-f8e70fea6407,cyp2c9_veith,False,3.850202305841429e-21,190,190,-0.0,1.4172876019021452,0.22631578947368422,0.20526315789473684,0.5684210526315789
9f6f2ef4-2b42-45dd-baee-407926ef30ac,cyp2c9_veith,True,1.1437207332087953e-17,153,153,-0.0,1.2196871608244615,0.11764705882352941,0.20915032679738563,0.673202614379085
a50f8986-559b-427a-88dd-4319e19ad649,cyp2c9_veith,True,3.486562582153366e-23,190,190,-0.0,1.38748489006068,0.1631578947368421,0.2578947368421053,0.5789473684210527
a6de0818-96b6-4524-983c-e8adc6142f5e,cyp2c9_veith,True,3.6919151664957177e-19,153,153,-0.0,1.440681995331441,0.24836601307189543,0.20261437908496732,0.5490196078431373
a79ed4d2-a2ae-4ceb-a2a1-650623a4a025,cyp2c9_veith,True,2.2678711306431008e-21,105,105,-0.0,1.4888229355946472,0.42857142857142855,0.17142857142857143,0.4
a7f786ab-8711-4120-8ab8-b387400946d7,cyp2c9_veith,True,6.703830429961147e-05,231,231,-0.0,1.3919749889302295,0.17316017316017315,0.24675324675324675,0.5800865800865801
ad80367a-add1-48a6-b3dc-c14905153680,cyp2c9_veith,True,2.6667543340028934e-18,300,300,-0.0,1.3899356810761947,0.15333333333333332,0.27666666666666667,0.57
ad8679bb-65ab-4ca0-9fc6-f5e32efe653b,cyp2c9_veith,True,2.2604435164043628e-18,210,210,-0.0,1.1650653708248073,0.12380952380952381,0.17142857142857143,0.7047619047619048
af536144-3d42-45a3-adf7-6e1f3f6a86f3,cyp2c9_veith,True,6.528945553344985e-17,276,276,-0.0,1.2909176921082879,0.1956521739130435,0.15942028985507245,0.644927536231884
af56df4c-8f22-4aea-9976-18b208fcb8c7,cyp2c9_veith,True,3.320341401993736e-20,190,190,-0.0,1.3954311892217073,0.14210526315789473,0.30526315789473685,0.5526315789473685
b6360ffd-6d21-4967-9be8-cd35d0402d65,cyp2c9_veith,True,2.2665253498220348e-17,231,231,-0.0,1.4644887193797755,0.23376623376623376,0.23376623376623376,0.5324675324675324
bec39296-ade8-49e0-844f-343a86c18c22,cyp2c9_veith,True,2.251504326985796e-17,190,190,-0.0,1.4067883410286133,0.18947368421052632,0.23684210526315788,0.5736842105263158
c2418381-a772-498d-99a5-6268687c8207,cyp2c9_veith,True,4.6989102837387294e-20,190,190,-0.0,1.3871076052951459,0.2,0.21052631578947367,0.5894736842105263
c357131c-127c-4893-b0f5-d9b6ebb44b90,cyp2c9_veith,False,0.00034418096128996676,253,253,-0.0,1.2715310143324385,0.16205533596837945,0.18181818181818182,0.6561264822134387
c40c8af5-42e3-49f9-be99-7f37d25b2f15,cyp2c9_veith,True,6.037433705014678e-22,276,276,-0.0,1.3325705854178995,0.18840579710144928,0.18840579710144928,0.6231884057971014
c50d7fc4-e0ca-4dfd-9339-2a1abe681a8a,cyp2c9_veith,True,0.0003336855733868355,190,190,-0.0,1.386523197867452,0.19473684210526315,0.21578947368421053,0.5894736842105263
c6081ac1-a14f-4cb6-bb71-b49b3a0ce098,cyp2c9_veith,True,4.2241274173150945e-21,171,171,-0.0,1.357709396593418,0.19298245614035087,0.19883040935672514,0.6081871345029239
cce70fa9-6eef-4fb8-9b57-211422fe69c4,cyp2c9_veith,True,4.4634968460404616e-21,190,190,-0.0,1.3752064303961165,0.17894736842105263,0.22631578947368422,0.5947368421052631
d3165c88-1921-4887-99bc-a3b19ad942dd,cyp2c9_veith,True,4.9045156834861636e-24,190,190,-0.0,1.4737226614667598,0.17894736842105263,0.3263157894736842,0.49473684210526314
d326f310-cbb2-4717-a610-5d8efc268a0f,cyp2c9_veith,False,2.211321651798462e-19,253,253,-0.0,1.3673075567086526,0.15810276679841898,0.2490118577075099,0.5928853754940712
d484b687-6311-454f-a04d-5f9c540f9bd1,cyp2c9_veith,False,0.00010684412443667441,253,253,-0.0,1.3388241591090337,0.21739130434782608,0.16600790513833993,0.616600790513834
d4a89f19-8ce3-4c9a-8571-714cd67abe1e,cyp2c9_veith,True,1.0823576551401263e-19,253,253,-0.0,1.1886386397700495,0.11067193675889328,0.2015810276679842,0.6877470355731226
d6689496-7ee2-4bd0-9f97-696e6390870a,cyp2c9_veith,True,2.205623419431673e-19,190,190,-0.0,1.3999856221513192,0.1736842105263158,0.25263157894736843,0.5736842105263158
d9173962-198b-4a07-9d10-f6c595819798,cyp2c9_veith,True,2.33742389225117e-20,325,325,-0.0,1.4008370554769167,0.13538461538461538,0.3292307692307692,0.5353846153846153
e224f80d-9e7b-4c2e-a064-924fe61c536c,cyp2c9_veith,True,1.0469287575415655e-16,210,210,-0.0,1.4612125429178533,0.21428571428571427,0.2523809523809524,0.5333333333333333
e2582a6d-8047-4381-8b47-fd1f9c6d7e20,cyp2c9_veith,False,1.8798381624802336e-23,351,351,-0.0,1.2077429183546973,0.1737891737891738,0.1396011396011396,0.6866096866096866
e4f70d4b-6fbc-4250-85cd-6f65e8eabf17,cyp2c9_veith,False,9.318219691043343e-16,171,171,-0.0,1.2284071793016706,0.0935672514619883,0.2573099415204678,0.6491228070175439
ed477cdd-762c-4787-b1dd-e5eedb437db6,cyp2c9_veith,True,1.7164417187261676e-24,190,190,-0.0,1.3624746825534186,0.2,0.19473684210526315,0.6052631578947368
ed5be937-c6ea-414c-86c3-b69cc26a1593,cyp2c9_veith,True,2.3847206986339427e-23,231,231,-0.0,1.354511011997371,0.15584415584415584,0.24242424242424243,0.6017316017316018
ee03d3bc-a34f-4848-b35c-08efc915ef7d,cyp2c9_veith,False,1.1085315652017997e-21,231,231,-0.0,1.3828377699172916,0.1774891774891775,0.23376623376623376,0.5887445887445888
f071578b-39c9-4fa7-97c0-68fbb0b0bab6,cyp2c9_veith,True,2.2085414060751014e-19,300,300,-0.0,1.4645879445993728,0.18333333333333332,0.30333333333333334,0.5133333333333333
f91aec2f-1d52-4595-815e-47e818fbf497,cyp2c9_veith,True,5.415636342023577e-17,136,136,-0.0,1.5322070597472157,0.27941176470588236,0.25735294117647056,0.4632352941176471
fe6b6b37-13ac-41e6-bb2e-2a3b460e4f04,cyp2c9_veith,True,3.383061546476518e-24,300,300,-0.0,1.449093964963077,0.17666666666666667,0.2966666666666667,0.5266666666666666
011ba6c9-1538-4326-8430-5338d825d1da,cyp2d6_veith,True,7.368356077864298e-20,210,210,-0.0,1.4014225382571945,0.15714285714285714,0.28095238095238095,0.5619047619047619
02609025-c8af-4ec7-8d38-64e1ffb01de7,cyp2d6_veith,True,9.297383403677688e-18,210,210,-0.0,1.5439756918116707,0.26666666666666666,0.2857142857142857,0.44761904761904764
039d34d8-4242-449e-8404-67afbdb057db,cyp2d6_veith,False,2.1822442737690872e-18,253,253,-0.0,1.3972507587142302,0.18972332015810275,0.22924901185770752,0.5810276679841897
03e348f2-d497-4b49-92e2-a0d9e982518d,cyp2d6_veith,True,4.177372160314996e-20,253,253,-0.0,1.3755713265380505,0.13438735177865613,0.30039525691699603,0.5652173913043478
044f10d4-2a04-4732-b9b2-1212daeaf947,cyp2d6_veith,True,4.3455210438022467e-16,136,136,-0.0,1.2892133688515974,0.10294117647058823,0.2867647058823529,0.6102941176470589
04689128-675a-4702-9ff4-e71f6914068e,cyp2d6_veith,True,3.1517593558507966e-17,276,276,-0.0,1.4471356042938468,0.18115942028985507,0.286231884057971,0.532608695652174
0871afe4-a9b2-4d2f-a8f5-cb3fcdb0d5ba,cyp2d6_veith,True,1.5561812692273673e-22,253,253,-0.0,1.361657776543765,0.15019762845849802,0.25691699604743085,0.5928853754940712
0b093e49-4610-4e5d-aa78-5ea7732fdca9,cyp2d6_veith,True,8.93602493573587e-18,253,253,-0.0,1.307310734291553,0.16600790513833993,0.1976284584980237,0.6363636363636364
0e5bde73-b3f6-4034-839c-fdacd433877c,cyp2d6_veith,True,1.7956901922266046e-24,153,153,-0.0,1.3947108808603135,0.1437908496732026,0.3006535947712418,0.5555555555555556
0e966ea4-9f1c-447a-a849-93fab9ac8fda,cyp2d6_veith,True,1.0392154883710231e-20,105,105,-0.0,1.5425529061494014,0.29523809523809524,0.2571428571428571,0.44761904761904764
0f48051c-6b22-4913-a1aa-2bd1842aca4e,cyp2d6_veith,False,8.872616134107175e-05,171,171,-0.0,1.3916467932576213,0.15204678362573099,0.2807017543859649,0.5672514619883041
12bbf68e-d889-473e-918c-4051a445e202,cyp2d6_veith,True,1.868325727588969e-22,300,300,-0.0,1.3773348510536951,0.14333333333333334,0.2833333333333333,0.5733333333333334
1470139a-26e7-4327-bbda-1c6218a5c05d,cyp2d6_veith,True,2.845382694056706e-21,231,231,-0.0,1.2515886114874917,0.16883116883116883,0.1645021645021645,0.6666666666666666
1490c7ab-a97a-4eb0-bed5-410049ffd6d3,cyp2d6_veith,True,1.8073126550703468e-21,253,253,-0.0,1.3956895549168709,0.14624505928853754,0.2964426877470356,0.5573122529644269
1662413c-d1b4-4f52-9235-9928a9852e82,cyp2d6_veith,True,9.29650981735682e-25,300,300,-0.0,1.3234669541469457,0.12,0.28,0.6
166f33f8-39bc-424b-b695-6fe64a2f1a02,cyp2d6_veith,True,0.00016468502690834895,300,300,-0.0,1.275412796903484,0.09,0.30666666666666664,0.6033333333333334
1a5cf3dd-0087-4811-8e7d-9639e1375a3e,cyp2d6_veith,True,8.03649946299543e-21,378,378,-0.0,1.2846531881550018,0.12433862433862433,0.24074074074074073,0.6349206349206349
1b090a53-a7ab-4421-94a2-6d8008a419f4,cyp2d6_veith,True,8.85844679754677e-23,171,171,-0.0,1.2113410896722674,0.09941520467836257,0.23391812865497075,0.6666666666666666
1d9bc727-3d60-4234-a0f8-32f3fc13190b,cyp2d6_veith,True,1.093538842446351e-22,153,153,-0.0,1.335176529151169,0.20261437908496732,0.17647058823529413,0.6209150326797386
216efa4e-54d6-4bb1-95ca-c30de1db21d3,cyp2d6_veith,False,2.3094541484640284e-24,231,231,-0.0,1.312033657615651,0.11255411255411256,0.2857142857142857,0.6017316017316018
25d5e288-704b-46ce-8565-b2bf364784f1,cyp2d6_veith,True,0.0005011877851130362,153,153,-0.0,1.2995794287324292,0.16339869281045752,0.19607843137254902,0.6405228758169934
26a667c5-52ac-4cc7-8a18-ea76730015e7,cyp2d6_veith,True,1.3245617236308617e-20,210,210,-0.0,1.3059768863078354,0.18571428571428572,0.1761904761904762,0.638095238095238
2c64033b-42e7-4206-bea2-df610fe73d67,cyp2d6_veith,False,8.088249804917872e-22,171,171,-0.0,1.311108705776395,0.23391812865497075,0.14035087719298245,0.6257309941520468
2dd8bf82-90c2-47c6-a5a8-4391de5a9b7e,cyp2d6_veith,False,6.8686612518878385e-18,171,171,-0.0,1.2629234012087944,0.16374269005847952,0.17543859649122806,0.6608187134502924
36714cbf-d901-411b-90a5-1a0d16c28cc4,cyp2d6_veith,False,4.697713949988304e-17,435,435,-0.0,1.29139645649946,0.12413793103448276,0.24597701149425288,0.6298850574712643
37419680-9c11-4b9c-98bd-a6e2f58423f8,cyp2d6_veith,True,5.4668467043116094e-05,231,231,-0.0,1.3809774865909459,0.15584415584415584,0.26406926406926406,0.5800865800865801
37df6fbc-5dc5-422a-a3bc-0c9b68cdf80c,cyp2d6_veith,False,7.318873410646134e-21,276,276,-0.0,1.3401258727786063,0.15579710144927536,0.2318840579710145,0.6123188405797102
3b208de0-4ecb-4247-8977-c71962ce2d02,cyp2d6_veith,True,9.151151348732402e-25,210,210,-0.0,1.294441749350729,0.11428571428571428,0.26666666666666666,0.6190476190476191
3ddab675-3803-480c-a05f-0f11da30e18f,cyp2d6_veith,True,2.1013649522069557e-15,190,190,-0.0,1.424889946264593,0.22631578947368422,0.21052631578947367,0.5631578947368421
3f7a6f94-75a9-4a62-9f10-a1f2efe40ad6,cyp2d6_veith,True,5.197623427475796e-19,210,210,-0.0,1.377284418533275,0.1523809523809524,0.26666666666666666,0.580952380952381
4594ed8b-cc3e-4223-96da-0379e9433555,cyp2d6_veith,True,2.531104557219732e-20,300,300,-0.0,1.3736773749128406,0.13666666666666666,0.29333333333333333,0.57
45d051b4-1c70-4421-9681-db72cd1e001f,cyp2d6_veith,True,5.115786636185418e-25,253,253,-0.0,1.4798036464111253,0.22529644268774704,0.25691699604743085,0.5177865612648221
48756640-01f1-4036-8642-78bacb8a2206,cyp2d6_veith,True,2.9331959645114817e-24,231,231,-0.0,1.2934140893487636,0.1774891774891775,0.1774891774891775,0.645021645021645
4a2eda29-b6d4-4a98-949b-f1c1b950fc3f,cyp2d6_veith,False,6.690049441757164e-20,171,171,-0.0,1.5226280585994767,0.24561403508771928,0.2807017543859649,0.47368421052631576
4fbe6b05-6b33-4adc-9f5d-9458817f2ebe,cyp2d6_veith,True,1.9120344435316936e-22,153,153,-0.0,1.2878078647134341,0.2549019607843137,0.11764705882352941,0.6274509803921569
55a86cf6-cdb9-45c9-aab0-01c43ca4d654,cyp2d6_veith,True,6.420212967170858e-17,210,210,-0.0,1.498128054450361,0.2,0.319047619047619,0.48095238095238096
58d531fd-e3cd-4b18-b3a6-9404036fa9f3,cyp2d6_veith,True,6.90488963317187e-21,276,276,-0.0,1.207428462944542,0.11956521739130435,0.19927536231884058,0.6811594202898551
5cdb79a6-bcbf-457d-bf77-18e177727abb,cyp2d6_veith,True,2.2184954272838857e-22,190,190,-0.0,1.401351391034869,0.15263157894736842,0.2894736842105263,0.5578947368421052
5d4f3ded-bcbd-43ab-a6c5-5097f2ed29a6,cyp2d6_veith,True,1.3697944255998716e-16,136,136,-0.0,1.4331067718070316,0.34558823529411764,0.14705882352941177,0.5073529411764706
64e1432a-d98b-4164-94ef-f29b803e0f3f,cyp2d6_veith,True,2.0172692889819954e-24,253,253,-0.0,1.2830578173988096,0.11462450592885376,0.25691699604743085,0.6284584980237155
664e0c8c-e14d-4f00-bd5f-70eab6eb629b,cyp2d6_veith,True,2.3830417482925656e-18,276,276,-0.0,1.1219727691885943,0.09782608695652174,0.18478260869565216,0.717391304347826
6697cdef-897b-41d5-804a-8bd730095338,cyp2d6_veith,True,4.891417147511627e-05,171,171,-0.0,1.3155670346212376,0.1111111111111111,0.29239766081871343,0.5964912280701754
66f3766d-d0b8-45e1-ad44-a74803f4e1c4,cyp2d6_veith,False,2.430420461311528e-06,253,253,-0.0,1.2581369486712817,0.1422924901185771,0.1976284584980237,0.6600790513833992
69e210a7-56a2-4eb1-a88d-25bf5f5342b3,cyp2d6_veith,True,2.4508959226940243e-24,300,300,-0.0,1.1956592573056382,0.18333333333333332,0.12666666666666668,0.69
6b1a2dd7-f8a9-4988-aa94-a562fb4a092e,cyp2d6_veith,False,3.208385332857297e-19,171,171,-0.0,1.3440103935881575,0.1695906432748538,0.21637426900584794,0.6140350877192983
6c432f9a-f339-4731-93fa-3226363bad86,cyp2d6_veith,True,0.00015721959769923846,435,435,-0.0,1.1323402304851204,0.08735632183908046,0.20689655172413793,0.7057471264367816
6fa40d6b-18ff-4c4e-94e1-78217a6295bc,cyp2d6_veith,True,1.3984553760167284e-19,300,300,-0.0,1.1841361828579562,0.08666666666666667,0.24,0.6733333333333333
739efcd0-52f0-4f29-a6fe-8a7bfd625fae,cyp2d6_veith,False,1.07099298478269e-22,231,231,-0.0,1.4647224924609767,0.2077922077922078,0.26406926406926406,0.5281385281385281
73c6ba60-3201-4c90-95bd-7dbf88be1e3f,cyp2d6_veith,True,1.6976429661395245e-25,231,231,-0.0,1.3223252565978907,0.2597402597402597,0.12987012987012986,0.6103896103896104
75a8fa10-e7a2-4a70-be7d-3ddd18689def,cyp2d6_veith,True,1.1270783524598715e-23,300,300,-0.0,1.2078695828342911,0.09666666666666666,0.23666666666666666,0.6666666666666666
76ab9a82-edaf-45e3-8f68-3cd87f5795d8,cyp2d6_veith,True,3.566333164032785e-21,153,153,-0.0,1.236907830616858,0.17647058823529413,0.1503267973856209,0.673202614379085
787b9476-0ee5-404f-8ddc-a634e5520339,cyp2d6_veith,True,1.756219857111399e-21,231,231,-0.0,1.4185029453775604,0.3116883116883117,0.15151515151515152,0.5367965367965368
7a87e8a4-0007-4fe0-a04c-a3ae4f5c83e0,cyp2d6_veith,True,1.0292528207418466e-21,325,325,-0.0,1.3509824445482095,0.1476923076923077,0.2523076923076923,0.6
7b5a42eb-59b7-4dc0-93f6-17518f86eaec,cyp2d6_veith,True,0.00035965404296903403,210,210,-0.0,1.2223136809165038,0.12857142857142856,0.19523809523809524,0.6761904761904762
7db51f82-e48a-45fb-9824-96e6fa178cbf,cyp2d6_veith,False,5.127671755947352e-20,351,351,-0.0,1.5039304982528785,0.245014245014245,0.25925925925925924,0.49572649572649574
7f8fd9cd-24af-4893-aac9-f24cf0707372,cyp2d6_veith,False,1.9111120944239904e-19,351,351,-0.0,1.2614930354811091,0.11396011396011396,0.24216524216524216,0.6438746438746439
83f31458-5c64-4dc7-abd4-97e1f1494653,cyp2d6_veith,True,1.9144171679494915e-17,325,325,-0.0,1.2466089749571134,0.1476923076923077,0.18461538461538463,0.6676923076923077
8b83c74a-bd6d-4048-95a4-56ed925dbf04,cyp2d6_veith,True,1.1256852491049864e-18,300,300,-0.0,1.135055718146575,0.11333333333333333,0.17,0.7166666666666667
8ce009a3-5dfd-40d5-ba7f-102ae8cb0ef0,cyp2d6_veith,True,1.1623628977375269e-23,210,210,-0.0,1.41379956460568,0.21428571428571427,0.21428571428571427,0.5714285714285714
93635c27-9616-4aec-a4cc-c3622e93b301,cyp2d6_veith,False,3.6437482746968206e-25,325,325,-0.0,1.326152342557759,0.13230769230769232,0.25846153846153846,0.6092307692307692
93eb5429-0fb7-41ed-9f9d-6fcbab058d1d,cyp2d6_veith,True,1.895070210431399e-18,253,253,-0.0,1.2920319507387652,0.28063241106719367,0.1067193675889328,0.6126482213438735
95071183-c06d-4be8-b7c3-b852238d4c13,cyp2d6_veith,True,8.058069758781254e-20,351,351,-0.0,1.4142050732337241,0.16524216524216523,0.2792022792022792,0.5555555555555556
9524550d-1024-4d14-9ca4-5ae79be48913,cyp2d6_veith,True,2.1501186617742142e-19,325,325,-0.0,1.3407044969724178,0.21846153846153846,0.16615384615384615,0.6153846153846154
97eabdea-0937-45bf-ad8c-f51ddec904d9,cyp2d6_veith,False,1.7310798522092102e-18,231,231,-0.0,1.3594634148522,0.1645021645021645,0.23376623376623376,0.6017316017316018
9c2ef0af-be4f-4bec-9933-03b0dd772fc5,cyp2d6_veith,True,3.849530090327275e-19,325,325,-0.0,1.4968905853079046,0.20307692307692307,0.31076923076923074,0.48615384615384616
a2764a40-de7c-44e3-a255-50c0dbaddc70,cyp2d6_veith,False,1.656681136659815e-17,231,231,-0.0,1.4399428112326524,0.26406926406926406,0.19047619047619047,0.5454545454545454
a348033f-6c02-4e2f-82b7-0854967f0ff1,cyp2d6_veith,False,1.2392942949043187e-16,325,325,-0.0,1.2110613105751318,0.15076923076923077,0.16307692307692306,0.6861538461538461
a48fa74b-d216-4a44-92b4-4e9bc2c1c145,cyp2d6_veith,True,6.794823055303384e-05,276,276,-0.0,1.2971048000317613,0.13768115942028986,0.22826086956521738,0.6340579710144928
a6b3671f-ae8f-4a0d-97ba-46a9b42b4fab,cyp2d6_veith,True,1.7956114839642632e-18,210,210,-0.0,1.3334578877859644,0.21904761904761905,0.1619047619047619,0.6190476190476191
a72f52f8-a0b1-46c5-adf7-dbe14ea2e8c2,cyp2d6_veith,False,1.0028087230433446e-19,276,276,-0.0,1.3754464525806673,0.14855072463768115,0.2717391304347826,0.5797101449275363
a8fbe2f0-2758-4b9a-b791-917f5fb47a2d,cyp2d6_veith,True,8.398025921403992e-23,210,210,-0.0,1.3764475552994029,0.21904761904761905,0.18571428571428572,0.5952380952380952
a9d18e39-6312-4c84-bd70-a59c7aadaccd,cyp2d6_veith,True,5.5316560625913114e-21,325,325,-0.0,1.2522904197144462,0.11692307692307692,0.23076923076923078,0.6523076923076923
aa829cdd-fa81-4213-ba5a-2079b71e5116,cyp2d6_veith,True,2.8869666109701753e-17,171,171,-0.0,1.3971155371127053,0.18128654970760233,0.23976608187134502,0.5789473684210527
abcf26e4-96b0-4bf8-9133-ce9dc33afcbb,cyp2d6_veith,True,1.0959326222461268e-20,435,435,-0.0,1.4689341865927579,0.2160919540229885,0.2574712643678161,0.5264367816091954
ae64d4f0-71de-43ba-9b73-e52c21a4351f,cyp2d6_veith,True,3.761903121523725e-24,300,300,-0.0,1.283476013013292,0.10666666666666667,0.2733333333333333,0.62
b696efdb-194b-4e7b-b0eb-293262547e9d,cyp2d6_veith,False,4.430581422821723e-23,351,351,-0.0,1.2528285311146337,0.1452991452991453,0.1908831908831909,0.6638176638176638
b8422d6d-05f5-4c5d-b9d5-feff7ddf3a73,cyp2d6_veith,True,4.958791712192822e-18,153,153,-0.0,1.2247063872855095,0.20261437908496732,0.12418300653594772,0.673202614379085
b995115b-f730-4df3-8a38-d406f824c825,cyp2d6_veith,True,1.8503986081241035e-25,325,325,-0.0,1.1587124625110259,0.12307692307692308,0.16923076923076924,0.7076923076923077
baf34151-af77-4c1c-86f9-9e817fc45696,cyp2d6_veith,False,1.8658441416382081e-19,153,153,-0.0,1.1916183441423787,0.1111111111111111,0.20261437908496732,0.6862745098039216
bd0043f1-468f-45fc-925e-573c2f3f2f0f,cyp2d6_veith,True,1.2795453149141864e-05,253,253,-0.0,1.1815679151013985,0.11067193675889328,0.1976284584980237,0.691699604743083
c3e874ca-3a46-4196-8d66-586fa971fcc3,cyp2d6_veith,False,8.75815281813548e-20,351,351,-0.0,1.4017610206390838,0.14814814814814814,0.29914529914529914,0.5527065527065527
cb52e8ad-1f77-4253-b7fa-9497e1cc7d32,cyp2d6_veith,False,7.85719937513283e-21,210,210,-0.0,1.442895014551217,0.24761904761904763,0.20476190476190476,0.5476190476190477
cef0e1d4-3bd5-4a9c-bcf5-7574ba592610,cyp2d6_veith,False,1.8034988551564513e-25,253,253,-0.0,1.284825847759506,0.15810276679841898,0.19367588932806323,0.6482213438735178
cff8b81c-602d-4836-8597-478536b40822,cyp2d6_veith,True,5.56051264144152e-25,210,210,-0.0,1.40828718219376,0.18571428571428572,0.24285714285714285,0.5714285714285714
d5fcb1cd-9539-4fe1-8bcb-741b50626522,cyp2d6_veith,False,6.70692521779399e-17,190,190,-0.0,1.3286138743853648,0.15789473684210525,0.22105263157894736,0.6210526315789474
d5fcd901-a8de-4a17-ad61-d65dc7b764c0,cyp2d6_veith,False,2.53187543903829e-22,171,171,-0.0,1.3470877747104018,0.18128654970760233,0.2046783625730994,0.6140350877192983
d71ab0cb-07cb-444d-b2e1-69c402bba1f7,cyp2d6_veith,True,7.259649747606426e-20,105,105,-0.0,1.1405350241251078,0.17142857142857143,0.11428571428571428,0.7142857142857143
dcf8ef12-e802-47c7-818d-a67fc6a808c7,cyp2d6_veith,False,9.165600239854847e-18,136,136,-0.0,1.3927116005650517,0.16176470588235295,0.2647058823529412,0.5735294117647058
df3b7594-1f84-4496-97fb-96296167515e,cyp2d6_veith,False,2.888055272754859e-25,231,231,-0.0,1.4220820255556235,0.24242424242424243,0.19480519480519481,0.5627705627705628
df87955c-4e4f-4b07-a5e3-77462e338151,cyp2d6_veith,True,5.579669093144874e-24,210,210,-0.0,1.2705341129015406,0.10476190476190476,0.26666666666666666,0.6285714285714286
e120c549-440f-4d24-847e-21e88a1cb518,cyp2d6_veith,True,4.9181814759347145e-22,351,351,-0.0,1.3606432006085547,0.2336182336182336,0.16524216524216523,0.6011396011396012
e28926a0-61d6-45e9-9fd3-0f525ef4854e,cyp2d6_veith,True,7.95370536107089e-24,378,378,-0.0,1.0770198109985463,0.06613756613756613,0.21428571428571427,0.7195767195767195
e4052ace-a081-40d6-bb04-fc71645a5514,cyp2d6_veith,True,0.0007619747461871988,171,171,-0.0,1.078433701230225,0.11695906432748537,0.14035087719298245,0.7426900584795322
e4e2afa2-e41f-4c9a-a056-f15190ac4907,cyp2d6_veith,True,0.0001423098842668813,253,253,-0.0,1.3517734001656143,0.13043478260869565,0.2845849802371542,0.5849802371541502
ef0b3065-9316-44cd-97a8-14e2f7533a30,cyp2d6_veith,True,0.00023360027692088947,136,136,-0.0,1.4183533479345782,0.17647058823529413,0.2647058823529412,0.5588235294117647
f34c35c9-105b-430a-95b9-1672b93b76ff,cyp2d6_veith,False,6.199160263392112e-20,136,136,-0.0,1.3383596253574956,0.16911764705882354,0.21323529411764705,0.6176470588235294
f4a75744-e7f0-4303-9085-a91694318698,cyp2d6_veith,True,1.2719878866540157e-21,300,300,-0.0,1.27234617822721,0.13,0.22333333333333333,0.6466666666666666
f90c87ed-16b9-4f8b-9149-bc6aef7b2b39,cyp2d6_veith,True,2.382700965026323e-19,253,253,-0.0,1.4562132080984667,0.1857707509881423,0.2885375494071146,0.525691699604743
fb184133-4524-42c2-850b-7dfd58e3deac,cyp2d6_veith,False,1.9447235710299328e-15,190,190,-0.0,1.3802601818889406,0.1368421052631579,0.3,0.5631578947368421
fb845041-29e7-483a-ae81-b068fb63ea5e,cyp2d6_veith,True,1.7916825816128556e-24,231,231,-0.0,1.3293330813384119,0.16883116883116883,0.2077922077922078,0.6233766233766234
fb8bdb49-2ae2-4d5e-a4e1-73d8b7a6b155,cyp2d6_veith,True,1.596752956520964e-25,190,190,-0.0,1.3680442485755167,0.1631578947368421,0.24210526315789474,0.5947368421052631
fcdabfc1-da5c-4ca9-b68d-aebae018afe9,cyp2d6_veith,,7.49683308103144e-15,6,6,-0.0,0.9182958340544896,0.6666666666666666,0.3333333333333333,0.0
fe83bed6-2b2e-4ed9-806c-3573b0180246,cyp2d6_veith,False,2.217018315672482e-17,210,210,-0.0,1.2948203552808069,0.13333333333333333,0.23333333333333334,0.6333333333333333
feb0ffac-dadb-463e-a5dd-1623c3fc8a73,cyp2d6_veith,True,9.655700315052338e-23,190,190,-0.0,1.3628564084974661,0.12631578947368421,0.30526315789473685,0.5684210526315789
008b6379-03a0-4d9e-91e5-035e29a2fad6,cyp3a4_veith,True,2.0002780169421115e-20,231,231,-0.0,1.370974701294562,0.1774891774891775,0.22510822510822512,0.5974025974025974
00fef3ce-bf4f-439d-b0f5-b98e410098c9,cyp3a4_veith,True,2.49119145882078e-16,210,210,-0.0,1.2514328556340746,0.17142857142857143,0.1619047619047619,0.6666666666666666
07078da2-40b2-4414-be6e-024ff73d273b,cyp3a4_veith,True,3.69435297216823e-18,253,253,-0.0,1.4700241833410925,0.25691699604743085,0.21739130434782608,0.525691699604743
073da010-7331-4dad-a040-9783ea7b9125,cyp3a4_veith,True,7.526330104906092e-25,210,210,-0.0,1.377284418533275,0.1523809523809524,0.26666666666666666,0.580952380952381
08e58a2b-3f73-4b9c-9f0c-1c31e95c4b3c,cyp3a4_veith,True,2.6881999688135467e-21,231,231,-0.0,1.3063732204656664,0.1471861471861472,0.22077922077922077,0.6320346320346321
09efd370-989b-445d-9be9-2498b2e16ba4,cyp3a4_veith,False,8.16743243219855e-25,171,171,-0.0,1.3541169543858875,0.14619883040935672,0.2573099415204678,0.5964912280701754
0ae8de5f-c5e4-4f28-960c-bfdae9895365,cyp3a4_veith,True,7.429119831126066e-17,210,210,-0.0,1.3840537240985227,0.17142857142857143,0.24285714285714285,0.5857142857142857
0b286bb2-9535-47e9-9146-4876a11f1895,cyp3a4_veith,True,8.176746841020882e-17,253,253,-0.0,1.4004856390220901,0.16600790513833993,0.2648221343873518,0.5691699604743083
0ce5c1e3-05a1-46c5-8f10-595051754781,cyp3a4_veith,True,3.827592160747158e-24,276,276,-0.0,1.2957058098484824,0.11231884057971014,0.2717391304347826,0.6159420289855072
10bebd08-1479-4e49-b7e0-f9f1f3ee90d3,cyp3a4_veith,True,1.6795657254583193e-24,210,210,-0.0,1.2686642438097229,0.18571428571428572,0.15714285714285714,0.6571428571428571
1367e776-6a12-4bb9-b9f2-3e1d6b6f3710,cyp3a4_veith,True,5.551137552203318e-23,190,190,-0.0,1.4322314776718386,0.22631578947368422,0.21578947368421053,0.5578947368421052
141d4107-990b-41b5-b271-9c20c2bad74d,cyp3a4_veith,False,1.4016659681689092e-17,171,171,-0.0,1.3736266123581076,0.16374269005847952,0.24561403508771928,0.5906432748538012
14c718ee-72ee-41eb-84ef-be16f869ab94,cyp3a4_veith,False,5.557341928266078e-17,276,276,-0.0,1.256553099520075,0.15217391304347827,0.18478260869565216,0.6630434782608695
1a2053df-b77a-4118-954e-66ab88cd0ae2,cyp3a4_veith,,8.140388645816224e-18,36,36,-0.0,1.3297455265134746,0.25,0.1388888888888889,0.6111111111111112
1f2d5001-47b1-412d-9839-5c2bab2d6ee8,cyp3a4_veith,True,0.00035689653362942737,253,253,-0.0,1.1989389316887795,0.11462450592885376,0.2015810276679842,0.6837944664031621
21008cd5-b701-41ba-a275-feccdc49da4d,cyp3a4_veith,True,3.7169449427099896e-17,190,190,-0.0,1.1806911643923825,0.15789473684210525,0.14210526315789473,0.7
2543ae5c-1f5b-4bd2-8947-3692bac36084,cyp3a4_veith,False,4.768395832327703e-17,231,231,-0.0,1.229012545335101,0.18614718614718614,0.13852813852813853,0.6753246753246753
25d7ec6c-4a00-4c39-b238-4f584f0367f1,cyp3a4_veith,True,1.4294854210409e-21,231,231,-0.0,1.2693689652006253,0.14285714285714285,0.20346320346320346,0.6536796536796536
26593131-c76e-464c-af49-69c9dd712c25,cyp3a4_veith,True,1.2376075752400082e-20,190,190,-0.0,1.3612247049297304,0.15263157894736842,0.25263157894736843,0.5947368421052631
2705c364-a281-4da0-b851-9f49d131c583,cyp3a4_veith,False,1.6704254110862724e-23,190,190,-0.0,1.2808304020112875,0.11052631578947368,0.2631578947368421,0.6263157894736842
2753eb57-e2dc-405b-9d8a-91e87699f187,cyp3a4_veith,True,1.3438560473093237e-18,171,171,-0.0,1.345806916785771,0.17543859649122806,0.21052631578947367,0.6140350877192983
348b7b92-0c38-4390-89c2-eb1ca0846be9,cyp3a4_veith,True,2.4733606748070063e-21,231,231,-0.0,1.382285384726764,0.15151515151515152,0.2727272727272727,0.5757575757575758
35587dd6-e3ed-4d4c-b996-4216d0a3d374,cyp3a4_veith,True,6.70099869354429e-21,231,231,-0.0,1.3796560879167992,0.22077922077922077,0.18614718614718614,0.5930735930735931
3b40210e-bf57-4189-9168-f62fc50eb610,cyp3a4_veith,True,8.277993155299038e-21,351,351,-0.0,1.3996818880624846,0.20797720797720798,0.21082621082621084,0.5811965811965812
3d2d2675-388e-48e6-96d4-a6133818bc9b,cyp3a4_veith,True,9.030640579274981e-05,276,276,-0.0,1.3379452381722032,0.15217391304347827,0.23550724637681159,0.6123188405797102
3e81c65d-f6c4-4d73-97bd-e27783edcd49,cyp3a4_veith,True,8.5980660783412e-17,231,231,-0.0,1.3881145013714082,0.19913419913419914,0.21212121212121213,0.5887445887445888
40a4a747-b4f2-43e0-b4fd-d5acbbb13c56,cyp3a4_veith,True,1.8754435220790087e-17,351,351,-0.0,1.289971259189037,0.17094017094017094,0.18233618233618235,0.6467236467236467
41a4787c-b13a-4320-8b7b-5253b466dc66,cyp3a4_veith,True,3.155834882160546e-17,210,210,-0.0,1.3851342604654118,0.19523809523809524,0.21428571428571427,0.5904761904761905
4ab3d9ae-c3b1-421e-8103-a37285af6132,cyp3a4_veith,True,2.908972026689442e-19,210,210,-0.0,1.3814976362702316,0.16666666666666666,0.24761904761904763,0.5857142857142857
4aef672b-d835-43cf-9c0e-0f9353508e0c,cyp3a4_veith,True,9.046159269123054e-18,171,171,-0.0,1.3965707354741201,0.15789473684210525,0.27485380116959063,0.5672514619883041
4b31ebbc-cc72-4564-ad38-7178915f960b,cyp3a4_veith,True,8.705210527264544e-23,253,253,-0.0,1.2446647276231737,0.13043478260869565,0.20553359683794467,0.6640316205533597
4b67e169-f4c7-421d-ad2d-67e9fb6df334,cyp3a4_veith,True,1.7899218497522008e-20,153,153,-0.0,1.5020595741606828,0.20915032679738563,0.30718954248366015,0.48366013071895425
4f145c64-12c2-4ea7-9610-43d6822344ba,cyp3a4_veith,False,5.291002010958254e-25,210,210,-0.0,1.24078592139707,0.1761904761904762,0.1523809523809524,0.6714285714285714
5045433a-ab9f-41ce-a22c-b9398bf4987a,cyp3a4_veith,True,5.974493096628081e-20,231,231,-0.0,1.3652884146190885,0.23809523809523808,0.1645021645021645,0.5974025974025974
50d59af9-8589-4855-b45b-e9e136da2679,cyp3a4_veith,True,1.1202349891911885e-05,231,231,-0.0,1.3253453060106526,0.1471861471861472,0.23376623376623376,0.6190476190476191
53d88c9b-3700-4102-a902-28f1b164558c,cyp3a4_veith,True,2.187624815150736e-22,231,231,-0.0,1.3130354061354121,0.12121212121212122,0.2683982683982684,0.6103896103896104
57d555f7-4eca-413a-b50c-e726fe024ed7,cyp3a4_veith,False,1.2176815268513968e-20,406,406,-0.0,1.4177821384655278,0.16502463054187191,0.2832512315270936,0.5517241379310345
5894782a-49e6-4e1c-99c7-368ca9976219,cyp3a4_veith,True,5.257725944988337e-23,153,153,-0.0,1.4210384095296695,0.1895424836601307,0.24836601307189543,0.5620915032679739
5abd2cfb-8d78-4759-b478-2b8c5fb973a4,cyp3a4_veith,True,1.313714576950598e-21,210,210,-0.0,1.3404944291853593,0.1619047619047619,0.22380952380952382,0.6142857142857143
5af61cc8-0bb9-4055-bf19-e72ef98d45fc,cyp3a4_veith,True,3.3948610567258777e-25,276,276,-0.0,1.355390274774665,0.18115942028985507,0.21014492753623187,0.6086956521739131
610b95e0-1c3d-4c7f-9753-9565ccb9a0e1,cyp3a4_veith,True,0.00020011939385732543,276,276,-0.0,1.2460580048123904,0.11594202898550725,0.22826086956521738,0.6557971014492754
6832b8a1-a5fe-41df-bd0e-97e4e6e29cb1,cyp3a4_veith,True,8.244139938386212e-17,171,171,-0.0,1.2632143834805447,0.1695906432748538,0.1695906432748538,0.6608187134502924
6d6c30ea-5ff2-4f0b-90c9-ff3fc4dd0022,cyp3a4_veith,True,3.118847623933746e-25,210,210,-0.0,1.3622996463531045,0.18571428571428572,0.20952380952380953,0.6047619047619047
707dc560-edf0-4d5e-8598-47c732c9b100,cyp3a4_veith,True,1.2923711449393413e-20,210,210,-0.0,1.5014510965295118,0.2761904761904762,0.22857142857142856,0.49523809523809526
72a7921f-f6b4-42a9-bc88-ae7d81fab3d5,cyp3a4_veith,True,6.967456419702575e-25,210,210,-0.0,1.4388005985342252,0.1761904761904762,0.2857142857142857,0.5380952380952381
7583bbb7-87c6-4d8f-8568-1070ce9122a2,cyp3a4_veith,False,1.6784544823446834e-21,300,300,-0.0,1.482515104763899,0.24,0.24333333333333335,0.5166666666666667
787a9052-4de6-4498-b93b-695d403f2779,cyp3a4_veith,True,5.676456290448855e-17,231,231,-0.0,1.2583316481010953,0.11255411255411256,0.24242424242424243,0.645021645021645
7956e5c9-f859-4af0-b698-29b62f95ef8b,cyp3a4_veith,True,2.729400971189593e-18,171,171,-0.0,1.5536661979779298,0.32748538011695905,0.25146198830409355,0.42105263157894735
7b521843-6dd6-4840-918e-5c867679448a,cyp3a4_veith,True,0.0005877315758457128,210,210,-0.0,1.1235591175374848,0.08571428571428572,0.20476190476190476,0.7095238095238096
7becdd16-a274-42d6-89d0-f8117bcf8354,cyp3a4_veith,False,1.6967635100877266e-15,171,171,-0.0,1.1570302114615205,0.0935672514619883,0.21052631578947367,0.695906432748538
7d27ccfd-57a6-477d-87bf-db15960dd788,cyp3a4_veith,True,1.6465640502399996e-16,231,231,-0.0,1.447117316923155,0.24242424242424243,0.21212121212121213,0.5454545454545454
7dad00cc-7022-486f-9195-d414bf1ce27f,cyp3a4_veith,True,6.324500269282847e-25,210,210,-0.0,1.3476499370259525,0.19047619047619047,0.19523809523809524,0.6142857142857143
7e686d2b-aacb-4b2a-9a48-afc3a9091705,cyp3a4_veith,True,7.349514821609854e-25,210,210,-0.0,1.484586390584459,0.2523809523809524,0.23333333333333334,0.5142857142857142
80824d6f-f51e-4ed5-bf36-c9461bf819fc,cyp3a4_veith,True,3.760598975930529e-17,190,190,-0.0,1.4149530477568455,0.17894736842105263,0.2578947368421053,0.5631578947368421
809a9a8e-64d8-4ac8-88dd-5a7ac796e910,cyp3a4_veith,False,3.884993913175547e-19,190,190,-0.0,1.3399002480591988,0.14210526315789473,0.25263157894736843,0.6052631578947368
80c3ef59-72a5-4a8e-b79b-d5f0041c386f,cyp3a4_veith,True,4.986096759518771e-23,231,231,-0.0,1.2714169971770053,0.1471861471861472,0.19913419913419914,0.6536796536796536
815f4112-e9ac-4a85-8213-8945957d576c,cyp3a4_veith,True,7.677583395809342e-23,231,231,-0.0,1.3491467917866036,0.16883116883116883,0.22077922077922077,0.6103896103896104
8427308b-6347-475f-bd03-5c9e2c3ac71d,cyp3a4_veith,True,0.0006962790210193131,231,231,-0.0,1.1878154741827756,0.15584415584415584,0.1471861471861472,0.696969696969697
85d5af66-9cb7-41f0-9f2b-adbbc5a2e26d,cyp3a4_veith,True,4.7014005794606095e-05,351,351,-0.0,1.1744444992452423,0.1168091168091168,0.18518518518518517,0.698005698005698
8672107f-7c98-42a9-b676-7244f44c28e7,cyp3a4_veith,True,5.600896918063787e-22,253,253,-0.0,1.3518686846471177,0.11857707509881422,0.31225296442687744,0.5691699604743083
87955bfe-ac7b-490f-b45b-90269f7cdbef,cyp3a4_veith,True,1.402450031224629e-18,210,210,-0.0,1.279119105906493,0.18095238095238095,0.16666666666666666,0.6523809523809524
898da1df-39a0-4c16-afe1-b769fbc6c4cf,cyp3a4_veith,True,1.094349460135338e-24,300,300,-0.0,1.3806822458223504,0.14333333333333334,0.2866666666666667,0.57
8a031b31-0f29-4f79-91fd-794896ce9935,cyp3a4_veith,True,9.587221331186933e-26,300,300,-0.0,1.343856831759293,0.15666666666666668,0.23333333333333334,0.61
8d163ec3-ea8c-41ab-b1d8-d77d32b6620b,cyp3a4_veith,True,1.43346891065475e-23,253,253,-0.0,1.2243945387215969,0.16600790513833993,0.1541501976284585,0.6798418972332015
8fffd7b3-664a-4509-b90d-519ce8a1e616,cyp3a4_veith,True,1.0411240918928172e-22,190,190,-0.0,1.4510596545666856,0.17894736842105263,0.29473684210526313,0.5263157894736842
91019839-af9e-4654-8246-53264a6ae326,cyp3a4_veith,True,3.434112130910706e-21,171,171,-0.0,1.31054275691356,0.11695906432748537,0.27485380116959063,0.6081871345029239
93a2aa1f-ef7f-4bf3-aa73-cf88b9e2e7e9,cyp3a4_veith,True,2.183024603768396e-19,190,190,-0.0,1.1841815523390076,0.1,0.21578947368421053,0.6842105263157895
95f2223b-87fa-47f6-84a9-7aaa66ee2ef7,cyp3a4_veith,False,1.3997885337809386e-18,105,105,-0.0,1.249860432508258,0.18095238095238095,0.1523809523809524,0.6666666666666666
97b79d80-0b0f-4d09-b7a6-cd1c91a038b2,cyp3a4_veith,False,1.903726443778683e-17,210,210,-0.0,1.3984047495234924,0.16666666666666666,0.2619047619047619,0.5714285714285714
9bec65ef-6f43-44e9-8aa3-de821177409b,cyp3a4_veith,True,4.861733828887631e-05,435,435,-0.0,0.9836092825377848,0.09195402298850575,0.1310344827586207,0.7770114942528735
a442d3e1-cc49-4b5a-aa70-4d0e741c934e,cyp3a4_veith,True,2.584485172341767e-22,231,231,-0.0,1.3940544122129894,0.1774891774891775,0.24242424242424243,0.5800865800865801
acedf37f-6085-42fb-9fb8-56e6cad3eb80,cyp3a4_veith,True,1.4012448005627061e-24,231,231,-0.0,1.4487015570502204,0.19047619047619047,0.2727272727272727,0.5367965367965368
ae7d311e-8e0b-4fc2-b334-2dcf3b2ebe66,cyp3a4_veith,True,1.903870727826643e-16,210,210,-0.0,1.3666718765907955,0.1619047619047619,0.24285714285714285,0.5952380952380952
aeb7c885-2aee-440e-b53c-c0b46a40d858,cyp3a4_veith,True,4.5452482582663083e-17,210,210,-0.0,1.396143498237813,0.18571428571428572,0.23333333333333334,0.580952380952381
b2f12286-13c6-4710-be0d-790de1890cb7,cyp3a4_veith,True,4.325747616506265e-25,231,231,-0.0,1.41974519724464,0.22077922077922077,0.21212121212121213,0.5670995670995671
b6d5cdf4-cc55-413f-83b8-e8878caf040f,cyp3a4_veith,True,6.131833960083745e-24,190,190,-0.0,1.370750752127372,0.19473684210526315,0.20526315789473684,0.6
b8c00678-e981-4f22-8adc-4bf6aa368a56,cyp3a4_veith,True,2.84476367654521e-18,300,300,-0.0,1.3926929556524799,0.15666666666666668,0.2733333333333333,0.57
bb8de073-de05-414d-a595-4a6b91b01dbb,cyp3a4_veith,True,5.4967104472427095e-18,190,190,-0.0,1.3611033105856372,0.1631578947368421,0.23684210526315788,0.6
bfe32a6a-fdca-4569-b364-8ff94d454c43,cyp3a4_veith,False,5.748766128938023e-19,120,120,-0.0,1.4130378255994993,0.15,0.30833333333333335,0.5416666666666666
c393be6c-19a8-48e0-8796-2a460b7b5711,cyp3a4_veith,True,5.890308258960047e-23,210,210,-0.0,1.4568275882752415,0.24285714285714285,0.21904761904761905,0.5380952380952381
c4a8479a-164d-49fa-bddc-451475048315,cyp3a4_veith,True,3.069882781027645e-23,190,190,-0.0,1.425255968904779,0.21578947368421053,0.22105263157894736,0.5631578947368421
c82173e9-9573-4df0-abb2-bb0957e03fed,cyp3a4_veith,True,2.9981257449613794e-19,300,300,-0.0,1.3531332548182082,0.21,0.18,0.61
d060d4b0-d7ef-4ba0-ab95-a6509b623d8d,cyp3a4_veith,True,7.41981652776134e-24,231,231,-0.0,1.3100537683301527,0.14285714285714285,0.22943722943722944,0.6277056277056277
d77de29c-a1d0-4763-b2e4-ff0966ccce20,cyp3a4_veith,True,3.52693687771303e-23,276,276,-0.0,1.3675503938092974,0.17028985507246377,0.2318840579710145,0.5978260869565217
df5d80b0-69ee-4854-8bec-f14065982c15,cyp3a4_veith,True,1.7112091111237211e-18,351,351,-0.0,1.1758079656341667,0.10541310541310542,0.2022792022792023,0.6923076923076923
dfed089e-23f1-41f9-97f4-737e4f76ae65,cyp3a4_veith,True,1.1869382124925479e-24,276,276,-0.0,1.2035534019653,0.13768115942028986,0.17391304347826086,0.6884057971014492
e01c3d69-8984-44e3-b731-9767537a90b4,cyp3a4_veith,True,6.179178224307021e-19,276,276,-0.0,1.3671252612836602,0.18478260869565216,0.213768115942029,0.6014492753623188
e133d5a2-441c-4667-aaa3-1e8eb6e31c43,cyp3a4_veith,True,8.927883596601772e-23,171,171,-0.0,1.450366323427432,0.2222222222222222,0.23391812865497075,0.543859649122807
e30749b3-e29d-4457-b913-1fa3b4530cdb,cyp3a4_veith,False,2.059272241062335e-18,210,210,-0.0,1.2048081400388162,0.18571428571428572,0.12857142857142856,0.6857142857142857
e8f7c6d3-4052-4a46-8d3a-3482cee5186a,cyp3a4_veith,True,0.0002549748682132167,210,210,-0.0,1.276286241328906,0.11428571428571428,0.2523809523809524,0.6333333333333333
e9de393b-8c3b-435a-b0d0-5ce340334645,cyp3a4_veith,True,4.07585008603299e-20,171,171,-0.0,1.3626087768963415,0.15789473684210525,0.24561403508771928,0.5964912280701754
ea2ba29d-1550-4fbf-8d09-8761443b6bdf,cyp3a4_veith,True,1.3911328301442863e-17,231,231,-0.0,1.3946418950845418,0.12554112554112554,0.35064935064935066,0.5238095238095238
eb799368-0af1-49e4-86b0-3d57ae8bd862,cyp3a4_veith,True,2.143183658581365e-20,300,300,-0.0,1.3631855620767575,0.21666666666666667,0.18,0.6033333333333334
eb80317e-31bb-4f23-a692-3cdcd71130b9,cyp3a4_veith,False,2.1150494363488516e-24,253,253,-0.0,1.2599849322517414,0.11857707509881422,0.233201581027668,0.6482213438735178
ee1d1d8c-4b5f-4bae-8009-28b204eee0a8,cyp3a4_veith,True,0.0005476987601883257,210,210,-0.0,1.2314769889918935,0.17142857142857143,0.1523809523809524,0.6761904761904762
f06e3be0-0702-4384-9f09-892d42b5acff,cyp3a4_veith,True,4.001027184530854e-18,153,153,-0.0,1.34623828646459,0.2549019607843137,0.1437908496732026,0.6013071895424836
f0ffe233-fdb1-4659-8c91-0e36b26e0f0c,cyp3a4_veith,True,2.2347049612329885e-19,210,210,-0.0,1.3488898869439736,0.12857142857142856,0.2857142857142857,0.5857142857142857
f5981c10-5659-4b5e-8e4c-b26234102597,cyp3a4_veith,False,2.702857109745484e-25,190,190,-0.0,1.4060996160460597,0.1736842105263158,0.2578947368421053,0.5684210526315789
f81c4d04-0e36-4e2f-8472-b910191fb757,cyp3a4_veith,,5.886150277889355e-20,36,36,-0.0,1.255588031520249,0.3055555555555556,0.08333333333333333,0.6111111111111112
fa78efbe-14aa-4b92-9143-ad7b5a827608,cyp3a4_veith,True,1.2022507657633823e-17,210,210,-0.0,1.306157696032532,0.18095238095238095,0.18095238095238095,0.638095238095238
fafcc18d-92e9-4439-b667-58b474b2dc0c,cyp3a4_veith,False,7.407468455353074e-20,325,325,-0.0,1.2859750254064697,0.10461538461538461,0.28,0.6153846153846154
fc47a65b-227a-45a7-8880-bc651986f2c0,cyp3a4_veith,True,4.3642015781035885e-24,190,190,-0.0,1.406012391653148,0.28421052631578947,0.15789473684210525,0.5578947368421052
ff82b369-cd8b-410d-af46-0e890e9271bd,cyp3a4_veith,True,1.407128596636685e-17,190,190,-0.0,1.3079358309573785,0.1736842105263158,0.18947368421052632,0.6368421052631579
0443c726-caf6-4276-ba66-4d304b03e7f9,herg,False,0.0005840645290250995,190,190,-0.0,1.2145200635345688,0.14736842105263157,0.16842105263157894,0.6842105263157895
06c67628-8ffc-4ba3-a939-56530bc111cd,herg,False,1.2901292120916872e-18,231,231,-0.0,1.293758185534697,0.12987012987012986,0.23809523809523808,0.6320346320346321
09219d16-40a6-4306-8430-cfa56c0e8241,herg,True,0.00014704594556302306,325,325,-0.0,1.1667997051650745,0.09230769230769231,0.21846153846153846,0.6892307692307692
0a532b5d-9e48-4386-822e-f4b64f1ca1f5,herg,,3.3931153578325063e-22,10,10,-0.0,0.9709505944546686,0.0,0.4,0.6
12e2119d-ed77-4d6e-b8e6-4fd8106a2ddb,herg,False,0.0004249385175799611,300,300,-0.0,1.2563289114603309,0.18333333333333332,0.15333333333333332,0.6633333333333333
1732a501-1b97-4885-8769-ce9abc702a04,herg,True,6.473769932048401e-05,253,253,-0.0,1.2927836786838267,0.16205533596837945,0.19367588932806323,0.6442687747035574
17a78450-376e-4dba-bb83-c88df20ccd3d,herg,True,6.581131084188675e-05,325,325,-0.0,1.284821170467957,0.16615384615384615,0.18461538461538463,0.6492307692307693
1bee3f50-bf6b-4034-9680-004a78c8f4d5,herg,True,1.2547602794854882e-16,300,300,-0.0,1.1280778686340243,0.11333333333333333,0.16666666666666666,0.72
1c83c085-9e72-4b50-b08c-5445657cb6db,herg,True,2.716737265757584e-18,351,351,-0.0,1.2218163497239412,0.1339031339031339,0.18803418803418803,0.6780626780626781
1de60e74-b7e4-4866-88cb-916fb37fe283,herg,False,3.847398888761549e-18,351,351,-0.0,1.2178848122359565,0.11396011396011396,0.21367521367521367,0.6723646723646723
1df52a3e-520e-480f-8837-6b6c0295dd6c,herg,True,1.1002878031445589e-18,253,253,-0.0,1.1733035717253528,0.15019762845849802,0.14624505928853754,0.7035573122529645
21438a41-e427-47e0-ba99-eece5b450c0b,herg,True,0.00042789795482736095,253,253,-0.0,1.2783123905619649,0.11067193675889328,0.2608695652173913,0.6284584980237155
21f57db5-0031-452a-ac0f-6726b008c5bd,herg,True,2.4740080877769936e-19,378,378,-0.0,1.2117481653912616,0.10317460317460317,0.2275132275132275,0.6693121693121693
24abaa55-483c-459d-be8a-6e4a696e758d,herg,False,0.0012403381322469759,325,325,-0.0,1.0633112309985013,0.14461538461538462,0.1076923076923077,0.7476923076923077
2b0c9172-d523-435b-9436-fb72394850cc,herg,True,0.0006952429344201211,231,231,-0.0,1.2269965609634819,0.19047619047619047,0.1341991341991342,0.6753246753246753
2ce6598c-3da2-4168-8312-24dd70f92f02,herg,False,2.4991724438928424e-06,406,406,-0.0,1.1196728846576232,0.07389162561576355,0.22413793103448276,0.7019704433497537
3272388f-4880-427f-a8e5-3e57cd23b4c2,herg,False,1.4997123810438945e-23,231,231,-0.0,1.2510596890746686,0.21645021645021645,0.12554112554112554,0.658008658008658
3296ed60-384a-4361-bb66-3fc8a2d8aace,herg,False,0.0013628278740722638,231,231,-0.0,1.0912413644603467,0.08658008658008658,0.18614718614718614,0.7272727272727273
3892ab24-0226-40ff-ba63-5f11846d9cd8,herg,True,0.0011935886099820562,300,300,-0.0,0.9374877645350495,0.07333333333333333,0.13666666666666666,0.79
3e23447e-e042-4a69-af33-73c137653ff8,herg,True,5.0518190671093646e-17,276,276,-0.0,1.1522569876115896,0.10869565217391304,0.18478260869565216,0.7065217391304348
3e34d497-99cc-43f9-a06a-8806a14a0f79,herg,True,1.918793821847306e-05,300,300,-0.0,1.2399087386723346,0.09333333333333334,0.26666666666666666,0.64
3eea8193-9824-4f63-90a0-4e1c5a7983a2,herg,True,8.432610651826166e-17,351,351,-0.0,1.0993775299068826,0.09971509971509972,0.17094017094017094,0.7293447293447294
3f9bc270-7479-4e08-bec1-415510ced9a4,herg,True,8.277257432064393e-21,190,190,-0.0,1.1780189311413356,0.13157894736842105,0.16842105263157894,0.7
3ffa50e4-aa36-4dc5-be52-78da37ffa13a,herg,True,8.600807310813439e-23,300,300,-0.0,1.1540329134121778,0.12333333333333334,0.16666666666666666,0.71
448287a6-d6e1-4ea4-9bb4-dacd53ee8b95,herg,True,5.683425605370183e-22,253,253,-0.0,1.2218614079570458,0.11067193675889328,0.22134387351778656,0.6679841897233202
45ea7ef8-6c8c-4004-aec3-5a2e5a5df729,herg,False,1.0687065945112082e-21,351,351,-0.0,1.1355661931970196,0.07692307692307693,0.22792022792022792,0.6951566951566952
46e995f3-8877-4628-aaf6-fef352cc9388,herg,True,0.0007392532588211309,231,231,-0.0,1.2340271098938145,0.16017316017316016,0.1645021645021645,0.6753246753246753
4990ba1a-4ef2-4383-9d67-d0ea87b83f21,herg,True,0.00034659652995280567,378,378,-0.0,1.0755794614786525,0.0873015873015873,0.17724867724867724,0.7354497354497355
49cd6d0a-582e-4faf-8a2f-ebf739430681,herg,True,1.1235000991153116e-23,231,231,-0.0,1.0906660806381325,0.10822510822510822,0.15584415584415584,0.7359307359307359
4b782ef1-af01-41c4-bba9-4a59764c28d9,herg,True,7.451464424265927e-23,231,231,-0.0,1.2281277047572117,0.10822510822510822,0.22943722943722944,0.6623376623376623
4ed33dba-b3d4-430b-8540-a9edbc399c86,herg,True,2.898278365772499e-22,300,300,-0.0,0.9923969640983727,0.08,0.15,0.77
4ee1aeca-0e26-41f4-8413-59ba2030097b,herg,True,6.076146696466926e-15,351,351,-0.0,1.0970349010194997,0.08547008547008547,0.1908831908831909,0.7236467236467237
50faf372-efdd-4558-8a7d-e49bb2cddfa8,herg,False,4.7123044780040443e-23,435,435,-0.0,1.1965409800743927,0.10574712643678161,0.21379310344827587,0.6804597701149425
5230a589-d314-44b1-af4d-b81022865362,herg,True,1.785118574099664e-18,300,300,-0.0,1.2588521324662296,0.13333333333333333,0.21,0.6566666666666666
555895f4-5dc8-42dd-8fbd-a3868542d6a7,herg,True,5.745659378608484e-20,276,276,-0.0,1.1484125258469389,0.13043478260869565,0.15579710144927536,0.7137681159420289
5c0c1b84-3f72-4362-84ad-29eaa325699a,herg,True,4.577316726671625e-21,276,276,-0.0,1.2394696666532334,0.14130434782608695,0.18840579710144928,0.6702898550724637
5e4b985a-c322-44da-a5d2-cf936672e1f5,herg,True,2.864553053027565e-17,300,300,-0.0,1.2066236075594343,0.13666666666666666,0.17666666666666667,0.6866666666666666
6327d1c7-23dd-4e96-a895-e2e802229349,herg,True,0.00025128268249239693,300,300,-0.0,1.1157898038709337,0.06666666666666667,0.23666666666666666,0.6966666666666667
6354a009-0a30-46a9-b6f3-e77496031c24,herg,True,3.753083841348267e-18,253,253,-0.0,1.1229563983544546,0.18972332015810275,0.09486166007905138,0.7154150197628458
653fb46d-d472-42f1-8436-7a460163944c,herg,True,1.8592242319576628e-20,378,378,-0.0,1.208964585683948,0.10846560846560846,0.21693121693121692,0.6746031746031746
6970fdab-63cd-448e-8f4e-e06ba95de9d2,herg,True,2.966403703978951e-16,351,351,-0.0,0.9988012330893863,0.08547008547008547,0.1452991452991453,0.7692307692307693
6c8cd13f-0769-4c2a-9582-d58dd0187767,herg,True,2.6384784572324753e-21,276,276,-0.0,1.1551134988995821,0.12681159420289856,0.16304347826086957,0.7101449275362319
6df5ee07-16e9-4c26-9b24-3eac19104968,herg,True,0.0003639977100609475,378,378,-0.0,1.1695454798165128,0.10052910052910052,0.20634920634920634,0.6931216931216931
6fe5d482-fa90-401d-940c-6075653e9293,herg,True,1.250397166588824e-25,351,351,-0.0,1.2679898511724867,0.13675213675213677,0.21082621082621084,0.6524216524216524
701dc332-d59c-4bdc-92b1-dd751be79ffb,herg,True,1.0404038453619233e-17,325,325,-0.0,1.0653463821896687,0.09846153846153846,0.15692307692307692,0.7446153846153846
730b0066-b886-4415-a06a-4ebf1fdac382,herg,False,3.288195645040942e-17,325,325,-0.0,1.1496399687187475,0.1476923076923077,0.13846153846153847,0.7138461538461538
74ff8b4f-3659-4d11-900f-99e9c2055031,herg,True,2.0080035439640186e-17,406,406,-0.0,1.10706984847655,0.09113300492610837,0.18719211822660098,0.7216748768472906
79d7877c-bc6a-4cf9-8f5e-155322ebe0ae,herg,False,9.528800018179495e-26,325,325,-0.0,1.0994146235158206,0.09230769230769231,0.18153846153846154,0.7261538461538461
88b1d130-5fd8-457b-aa03-efdef28ebb29,herg,True,0.0006249441206841192,253,253,-0.0,1.021913810588558,0.05138339920948617,0.2134387351778656,0.7351778656126482
8e789a20-745f-4ca3-85a5-ac19537df9cf,herg,True,3.456552104508224e-23,231,231,-0.0,1.0747791483134166,0.0735930735930736,0.19913419913419914,0.7272727272727273
90994057-1ac0-447c-b81b-f7a1e168632a,herg,True,1.2345479895787056e-23,253,253,-0.0,1.3156249234545305,0.17391304347826086,0.19367588932806323,0.6324110671936759
9172183c-2855-4878-a8c5-db5c33b66168,herg,True,0.0001590931762460572,325,325,-0.0,1.3229232730597986,0.11692307692307692,0.28615384615384615,0.5969230769230769
92d6041c-5b6d-40fe-a643-3f5722f5744c,herg,True,0.00029688068535513605,253,253,-0.0,0.9937657180135104,0.10276679841897234,0.1225296442687747,0.7747035573122529
9901073d-5bb7-4dec-a830-c882a812dc6b,herg,True,1.87383295344343e-19,300,300,-0.0,1.2171585146996,0.15333333333333332,0.16333333333333333,0.6833333333333333
99f2bfe2-be77-47ae-8d5a-0eeceb191a8f,herg,True,0.0002324907584827999,276,276,-0.0,1.168547042174398,0.09782608695652174,0.21014492753623187,0.6920289855072463
9a033dbc-c905-4b15-9728-264757d0082d,herg,True,5.509689243662668e-20,210,210,-0.0,1.3203678329014563,0.20476190476190476,0.16666666666666666,0.6285714285714286
9c27d452-8452-4128-8948-8c6c278d8c70,herg,True,2.0912670102297205e-16,276,276,-0.0,0.9765724166202967,0.06884057971014493,0.15942028985507245,0.7717391304347826
a0b13e29-d20b-469a-8e41-277e6530ef97,herg,False,3.961427729526176e-05,276,276,-0.0,1.1148176758530386,0.09782608695652174,0.18115942028985507,0.7210144927536232
a45185d4-0751-44ef-ade4-aadd9fe56163,herg,True,0.000499210513473532,276,276,-0.0,1.0575043945383589,0.07246376811594203,0.19202898550724637,0.7355072463768116
a63d51fc-88c5-4d9e-8a3f-2232e8d0981b,herg,True,6.131981312989953e-19,276,276,-0.0,1.0925593911871359,0.09782608695652174,0.17028985507246377,0.7318840579710145
a6e59ffd-08f1-4969-bb62-c6fa68b3c16f,herg,False,8.397065483251886e-23,300,300,-0.0,1.296345831229439,0.17333333333333334,0.18333333333333332,0.6433333333333333
ace68d82-7078-460e-8a25-cde62e63ff86,herg,True,3.2036089039589e-23,276,276,-0.0,1.2055043866441213,0.14492753623188406,0.16666666666666666,0.6884057971014492
b17bfa93-d4e4-4359-8916-9267d8652ce0,herg,False,0.00036775333957477483,253,253,-0.0,1.0661499528680451,0.09486166007905138,0.16205533596837945,0.7430830039525692
b18b6bbd-ffff-46b3-b6e7-cf97e3971045,herg,True,4.930848103273544e-05,276,276,-0.0,1.1077723930974046,0.09057971014492754,0.18840579710144928,0.7210144927536232
b59cc6d8-7c2a-4cdd-8e94-a6253185fd0f,herg,,1.7528182162623954e-18,36,36,-0.0,1.4593308859227299,0.19444444444444445,0.2777777777777778,0.5277777777777778
b70fcc48-e8c0-4728-9492-6f7ad63f26c5,herg,True,7.065508603953994e-19,325,325,-0.0,1.1965361442447886,0.11692307692307692,0.19692307692307692,0.6861538461538461
b91c0465-8731-4fa0-b867-3fd10157aaee,herg,True,3.045609109368861e-18,231,231,-0.0,1.3470775428529405,0.2727272727272727,0.1341991341991342,0.5930735930735931
bd72d2f7-c220-4c0b-9ced-b814efb4a038,herg,True,1.394231629900065e-24,210,210,-0.0,1.1866952783384337,0.11428571428571428,0.19523809523809524,0.6904761904761905
c10d9a92-6f89-47a6-9228-2ef416c4fa20,herg,True,0.0002405053380682553,276,276,-0.0,1.1832865265486177,0.09057971014492754,0.2318840579710145,0.677536231884058
c381bc68-b0cc-41c2-9121-d45efd0356c0,herg,False,4.227629593702816e-21,351,351,-0.0,1.1828965105043148,0.21082621082621084,0.10256410256410256,0.6866096866096866
c7026c5c-be2a-4ac1-9d58-1e19d7bb5f45,herg,True,5.592876203840034e-19,66,66,-0.0,1.187993939413456,0.15151515151515152,0.15151515151515152,0.696969696969697
c9329046-0483-480a-aad3-83fc6e6209df,herg,True,0.0005389409253733181,253,253,-0.0,1.215096783767588,0.09486166007905138,0.2450592885375494,0.6600790513833992
d055fad7-7d45-4a13-ba56-a08dd4822093,herg,False,0.0005857652130880935,406,406,-0.0,1.063828308223864,0.1330049261083744,0.11822660098522167,0.7487684729064039
d2804b19-17f6-4e03-96c3-1123d39cedfd,herg,True,0.0008358373500838934,325,325,-0.0,1.0788773617304912,0.06769230769230769,0.2123076923076923,0.72
d3912f64-3a57-44bd-a1ad-5df5fcb4cf39,herg,True,2.12265501083307e-19,351,351,-0.0,1.245833906451245,0.16809116809116809,0.1623931623931624,0.6695156695156695
d4d9763a-c8e4-4a8f-b8ed-e8a5960efbb3,herg,True,1.4109343840944684e-19,325,325,-0.0,1.1817336539148808,0.09230769230769231,0.2276923076923077,0.68
d83dee93-a3a5-4487-ac10-af110cf0c037,herg,True,2.369933900791836e-19,253,253,-0.0,1.1487261452089852,0.11857707509881422,0.16996047430830039,0.7114624505928854
db2fe150-ca76-4bb0-b35e-f83e29517573,herg,True,3.7278108165997823e-19,325,325,-0.0,1.2907348099564255,0.14153846153846153,0.21846153846153846,0.64
dca669a0-5b45-47b4-a809-490dbdfb419a,herg,False,0.000199785685389292,435,435,-0.0,1.0005953994181613,0.06206896551724138,0.18160919540229886,0.7563218390804598
e3bbb20d-410c-4249-a4c3-544710c38646,herg,True,4.849863597187678e-25,190,190,-0.0,1.0897517288080592,0.15263157894736842,0.11052631578947368,0.7368421052631579
e3dd1713-2042-49a1-be7a-1408dcfe3df6,herg,True,5.3853546928237984e-20,325,325,-0.0,1.1473846987114138,0.08923076923076922,0.2123076923076923,0.6984615384615385
e66833aa-b703-423f-ac3c-ed09e6c2281a,herg,False,1.9560709587906692e-23,325,325,-0.0,1.2617197127964719,0.16615384615384615,0.1723076923076923,0.6615384615384615
ea4d8436-7c8b-4511-a105-a9b7a57c01f1,herg,True,0.0002751263005049188,351,351,-0.0,1.091131546567098,0.09686609686609686,0.17094017094017094,0.7321937321937322
ed8e5846-16b9-469d-a53b-6b09dc7c90fc,herg,True,3.2390698188134404e-21,231,231,-0.0,1.048388546897376,0.1038961038961039,0.14285714285714285,0.7532467532467533
ee68a6e1-5f6b-48de-ab8c-4c9a2444ecab,herg,True,6.682454818066482e-19,78,78,-0.0,1.279367084713896,0.1282051282051282,0.23076923076923078,0.6410256410256411
00004a84-535d-4b58-a428-83504ef15c3c,pgp_broccatelli,True,0.0004330439944977873,253,253,-0.0,1.2125824561328964,0.11462450592885376,0.20948616600790515,0.6758893280632411
000b15a5-edf6-4805-b110-e530736b3a98,pgp_broccatelli,False,6.674328962467041e-17,253,253,-0.0,1.380717733378682,0.21739130434782608,0.18972332015810275,0.5928853754940712
078ec8fc-5b57-43d5-8e2c-25fc703f112c,pgp_broccatelli,True,0.0002685770730355674,406,406,-0.0,1.2810625512953537,0.10344827586206896,0.27832512315270935,0.6182266009852216
08913d6c-a66f-44a7-8108-9dfb0396af6d,pgp_broccatelli,True,1.298247688092998e-18,300,300,-0.0,1.3085501375562028,0.17666666666666667,0.18666666666666668,0.6366666666666667
09bcad8a-4125-43f3-a86a-03561b67e7b2,pgp_broccatelli,True,1.3909487624449076e-19,231,231,-0.0,1.2600663174406184,0.1645021645021645,0.17316017316017315,0.6623376623376623
0b40de54-aeab-47b1-bf50-064ac283859e,pgp_broccatelli,True,1.867842092745196e-23,190,190,-0.0,1.5207990297346257,0.22105263157894736,0.3157894736842105,0.4631578947368421
0cad1f44-f3e7-4a63-819e-557d1d169ea5,pgp_broccatelli,True,4.6233252246239e-17,231,231,-0.0,1.3790398637429755,0.16017316017316016,0.2554112554112554,0.5844155844155844
0e44c1cf-3e5e-4113-b565-ab48df692442,pgp_broccatelli,True,5.4028668260535726e-24,300,300,-0.0,1.3955923692936671,0.19666666666666666,0.22,0.5833333333333334
0face276-1a47-4d56-86a7-e4318760599f,pgp_broccatelli,True,6.870029074598361e-22,190,190,-0.0,1.3947975090411613,0.2,0.21578947368421053,0.5842105263157895
10eee7e0-e31a-409e-93e8-8fabcf2c8d89,pgp_broccatelli,True,3.9439841006503423e-19,325,325,-0.0,1.398930491150978,0.14153846153846153,0.31076923076923074,0.5476923076923077
11c8a9c5-f8e5-4f8b-a2ca-1b267b94bbde,pgp_broccatelli,True,0.00010520422602633276,300,300,-0.0,1.2668248525266648,0.10333333333333333,0.26666666666666666,0.63
15ca6185-5aab-4406-9389-704702f749fb,pgp_broccatelli,True,0.00010873025979681714,351,351,-0.0,1.2377546541643407,0.08262108262108261,0.2905982905982906,0.6267806267806267
15fdb67e-5e64-4acb-a8cd-cd14cf5ce633,pgp_broccatelli,True,0.00025541442681109106,190,190,-0.0,1.2672276208404456,0.11052631578947368,0.25263157894736843,0.6368421052631579
177db0b3-47ca-4cc9-b995-2657b1b76a26,pgp_broccatelli,False,3.3055571893750334e-20,300,300,-0.0,1.1769025577185337,0.11666666666666667,0.18666666666666668,0.6966666666666667
23d94fcd-a3ec-47c7-8ad3-3b96877d7bbe,pgp_broccatelli,True,4.162635981121268e-24,210,210,-0.0,1.2945001873412672,0.14285714285714285,0.21904761904761905,0.638095238095238
2487e0f4-f7ea-4348-9ebf-9d36fb39f771,pgp_broccatelli,False,0.00012541841068198587,300,300,-0.0,1.3839320210384334,0.14666666666666667,0.2833333333333333,0.57
262fbf2b-1a84-46c1-8c10-55b447c94ffb,pgp_broccatelli,True,0.0006096307516005222,231,231,-0.0,1.3229990739918966,0.12554112554112554,0.2683982683982684,0.6060606060606061
26da303a-3a6e-4605-98dd-9f60edc4a8cc,pgp_broccatelli,False,3.561083491134904e-24,210,210,-0.0,1.4330823673770312,0.22857142857142856,0.21428571428571427,0.5571428571428572
271878bb-0846-46a3-be3b-35b918ac9128,pgp_broccatelli,False,4.253777511259619e-17,300,300,-0.0,1.2712770328833014,0.10666666666666667,0.2633333333333333,0.63
271b516b-da38-4319-9413-223706e1bd60,pgp_broccatelli,False,2.4163395749179784e-24,406,406,-0.0,1.2929926544661678,0.15517241379310345,0.2019704433497537,0.6428571428571429
27986858-9c63-43c8-9b20-5fc20277d00f,pgp_broccatelli,True,0.0004008871031472388,210,210,-0.0,1.2855808293889008,0.15714285714285714,0.19523809523809524,0.6476190476190476
29cfbaec-038e-4156-a17e-35f91ed4d513,pgp_broccatelli,True,5.683025297462066e-19,276,276,-0.0,1.3990438572967168,0.17753623188405798,0.2463768115942029,0.5760869565217391
2bcd0652-4a8f-4edc-83cf-81ca861bb469,pgp_broccatelli,True,4.943882505062247e-24,231,231,-0.0,1.1959595735284845,0.1038961038961039,0.21645021645021645,0.6796536796536796
2ca2b0f1-bd53-4139-bead-3df33cfe746f,pgp_broccatelli,True,3.2775707059665636e-05,190,190,-0.0,1.321909393111076,0.1368421052631579,0.24736842105263157,0.6157894736842106
2e2cd0fa-c175-4af8-95b7-0e18499b538e,pgp_broccatelli,False,3.3469415488748473e-19,378,378,-0.0,1.3183947940914411,0.14814814814814814,0.2275132275132275,0.6243386243386243
35f20c8d-9e79-4981-9237-fc4c547ef35c,pgp_broccatelli,True,1.3199259622002736e-19,91,91,-0.0,1.4943223913121342,0.2087912087912088,0.2967032967032967,0.4945054945054945
3ac3c0e2-168e-4596-a627-e8e506a3eb1b,pgp_broccatelli,False,3.0551209136829435e-22,253,253,-0.0,1.333126656134873,0.1541501976284585,0.22924901185770752,0.616600790513834
3c5ed5f5-c244-4333-b44c-ee78d6785b59,pgp_broccatelli,True,6.555794052097143e-17,231,231,-0.0,1.0738501096823,0.08658008658008658,0.1774891774891775,0.7359307359307359
43da8457-7c17-4f40-972e-1f74f385ca24,pgp_broccatelli,True,1.536796153389e-18,153,153,-0.0,1.3977752294457466,0.19607843137254902,0.2222222222222222,0.5816993464052288
4518e316-4529-48db-bae6-1a093ed1d82e,pgp_broccatelli,True,2.7531063365344206e-22,231,231,-0.0,1.2142152934960557,0.12554112554112554,0.19480519480519481,0.6796536796536796
468cad59-95a6-4618-abec-01127cdb6d31,pgp_broccatelli,False,9.023936960184827e-20,300,300,-0.0,1.4409475472778912,0.17333333333333334,0.29333333333333333,0.5333333333333333
4bbcf9df-7a13-4076-a75f-d88e4631181a,pgp_broccatelli,False,3.078172958522065e-17,325,325,-0.0,1.2743657746721073,0.11692307692307692,0.24615384615384617,0.6369230769230769
4f8d5cae-2239-4bf3-81fc-2663df1a88bc,pgp_broccatelli,True,9.17843127901743e-21,276,276,-0.0,1.46464082120669,0.2608695652173913,0.21014492753623187,0.5289855072463768
505979c0-d037-4b87-8d45-db56bdde3a64,pgp_broccatelli,True,1.8008396624661365e-19,120,120,-0.0,1.4792729117918781,0.18333333333333332,0.325,0.49166666666666664
50f5a5be-add1-4ee6-8044-26c743171b99,pgp_broccatelli,True,5.7574364329461e-24,210,210,-0.0,1.1952663177532241,0.11428571428571428,0.2,0.6857142857142857
5c0f1f93-04a3-46f0-9ab2-10e05add0be0,pgp_broccatelli,True,1.2366374217925373e-22,276,276,-0.0,1.3609143278571105,0.16666666666666666,0.2318840579710145,0.6014492753623188
5e730b1d-ec26-4628-bb5a-632d75f073f9,pgp_broccatelli,False,1.181123962494423e-24,300,300,-0.0,1.3937882066033158,0.17666666666666667,0.24333333333333335,0.58
61ff8c07-1045-4b8d-a4c7-221f58bff7b2,pgp_broccatelli,True,1.9164209899814794e-19,231,231,-0.0,1.5245581158363293,0.21645021645021645,0.3333333333333333,0.45021645021645024
6376ee41-be5f-4b55-9ea8-b82a3d04e0ef,pgp_broccatelli,True,0.0004307842763289135,171,171,-0.0,1.338855857289499,0.15789473684210525,0.22807017543859648,0.6140350877192983
67afa349-54f6-4353-91b6-904742a99c22,pgp_broccatelli,False,1.5409453422325607e-20,253,253,-0.0,1.3933713375315526,0.16205533596837945,0.2648221343873518,0.5731225296442688
67b5915c-5d44-4053-ac96-e1d7808030ab,pgp_broccatelli,True,0.0003525329247476753,231,231,-0.0,1.295029544702751,0.15151515151515152,0.2077922077922078,0.6406926406926406
6f5f2840-d4a7-43a0-bbc7-5cb3913c83c7,pgp_broccatelli,True,1.2362089719090266e-18,190,190,-0.0,1.3620695954564526,0.20526315789473684,0.18947368421052632,0.6052631578947368
71788e94-b8de-4016-9d60-d52b400bfb78,pgp_broccatelli,True,2.4107063010751454e-05,378,378,-0.0,1.287791545180849,0.13756613756613756,0.2222222222222222,0.6402116402116402
73413778-d1bc-465b-967c-004cd21c8a4a,pgp_broccatelli,,2.0300386364639322e-20,55,55,-0.0,1.2747068769105199,0.16363636363636364,0.18181818181818182,0.6545454545454545
78fbc482-89b3-4c26-9f81-1d2b09ebe467,pgp_broccatelli,True,4.455607841219891e-17,210,210,-0.0,1.4195269542354034,0.20476190476190476,0.22857142857142856,0.5666666666666667
7c2665fb-565b-4619-97dd-65d4fcd8ba5d,pgp_broccatelli,True,0.0002170316908694888,253,253,-0.0,1.2203422728047961,0.07905138339920949,0.2845849802371542,0.6363636363636364
7cc15f53-0b86-443e-8c45-0a3fa4405924,pgp_broccatelli,True,6.865638760738219e-21,253,253,-0.0,1.2830578173988096,0.11462450592885376,0.25691699604743085,0.6284584980237155
83a1cb5c-38a5-47b3-b2b2-d589b1cf0ddc,pgp_broccatelli,True,0.0004494083827084401,253,253,-0.0,1.2319949520826217,0.11462450592885376,0.22134387351778656,0.6640316205533597
869308e6-7998-49a1-80eb-e4873437259f,pgp_broccatelli,True,0.0006862260640047423,210,210,-0.0,1.1779092823838142,0.11428571428571428,0.19047619047619047,0.6952380952380952
879f9ef9-7fc9-466c-82ce-ed91302d017d,pgp_broccatelli,True,0.00033373851199435255,231,231,-0.0,1.252336963881,0.13852813852813853,0.19913419913419914,0.6623376623376623
8d3b8786-02c7-4f40-8e18-22297916ec3e,pgp_broccatelli,True,0.00011445639871345109,253,253,-0.0,1.3148880840899448,0.16996047430830039,0.1976284584980237,0.6324110671936759
8df84880-6661-47af-8eeb-15f59838dba8,pgp_broccatelli,True,1.4671630571272165e-22,253,253,-0.0,1.3278567841507953,0.20553359683794467,0.16996047430830039,0.6245059288537549
8f012071-d99d-4a69-8496-2af399555dfb,pgp_broccatelli,True,1.4598328224711314e-17,253,253,-0.0,1.4266184907996449,0.233201581027668,0.20553359683794467,0.5612648221343873
8fc031de-705a-4515-bae7-d88fa792bfd4,pgp_broccatelli,True,1.0216413091405719e-24,378,378,-0.0,1.3025298453999712,0.10317460317460317,0.29894179894179895,0.5978835978835979
91aee254-7b0b-4207-bbac-807fb8d2d2a8,pgp_broccatelli,False,1.5055381169356855e-20,325,325,-0.0,1.3950043850357974,0.18461538461538463,0.23384615384615384,0.5815384615384616
94d67de3-4d19-440f-89f5-3c2540e645e5,pgp_broccatelli,True,1.1017990602051836e-21,253,253,-0.0,1.254806500198477,0.12648221343873517,0.21739130434782608,0.6561264822134387
975e91fd-47a0-42e6-a196-593706bf1b2e,pgp_broccatelli,False,0.0006575366992803838,253,253,-0.0,1.195564774132638,0.11067193675889328,0.20553359683794467,0.6837944664031621
9990883a-e680-4e8b-8ccd-15d5cdd9a985,pgp_broccatelli,True,2.2762092962528493e-19,300,300,-0.0,1.2125599128240774,0.11,0.21666666666666667,0.6733333333333333
a1ee6e84-3758-481f-8144-75d1737a8750,pgp_broccatelli,True,1.3523082491672102e-17,378,378,-0.0,1.3657399624240905,0.12698412698412698,0.30687830687830686,0.5661375661375662
a8ee429a-d746-4361-be33-8dd4c888f09c,pgp_broccatelli,True,5.000941603197788e-24,171,171,-0.0,1.536086550472457,0.23976608187134502,0.30994152046783624,0.4502923976608187
aac5c9e1-3c9f-4532-925f-c2426427b141,pgp_broccatelli,True,9.2584883673496e-17,276,276,-0.0,1.259158242334286,0.10144927536231885,0.2644927536231884,0.6340579710144928
af04acd3-2b29-4ddf-9d54-7f26d7e2c03b,pgp_broccatelli,False,3.56633883318168e-24,378,378,-0.0,1.2665732448570115,0.10052910052910052,0.2724867724867725,0.626984126984127
b152981b-a13c-420c-bb63-51ad1d9c65c6,pgp_broccatelli,False,3.679430683597078e-17,435,435,-0.0,1.245218786028757,0.07816091954022988,0.3103448275862069,0.6114942528735632
b1674ac0-0617-486e-a073-688c6d12737e,pgp_broccatelli,False,2.3943403527936966e-16,253,253,-0.0,1.2366901388594713,0.10276679841897234,0.2450592885375494,0.6521739130434783
b32043f0-7d9c-4259-9325-b7a2d0dc486b,pgp_broccatelli,True,6.623000279345457e-17,231,231,-0.0,1.2336939213725004,0.16883116883116883,0.15584415584415584,0.6753246753246753
b3f1bbab-3bb5-44ed-ae42-25adf502a227,pgp_broccatelli,True,0.00020160238442330477,300,300,-0.0,1.1826883964705133,0.12666666666666668,0.17666666666666667,0.6966666666666667
b53c59ba-fc90-4010-832f-326d604ea616,pgp_broccatelli,False,7.271513417924803e-20,171,171,-0.0,1.2854449380113102,0.1695906432748538,0.18128654970760233,0.6491228070175439
b56a37d3-e226-4aa9-a856-a91e66953f8d,pgp_broccatelli,True,2.3996368080071372e-22,190,190,-0.0,1.410545885249259,0.21578947368421053,0.21052631578947367,0.5736842105263158
b7feb720-e902-4196-a231-1cddd9f4dd0f,pgp_broccatelli,True,5.0736675775186316e-24,210,210,-0.0,1.281843534407887,0.14761904761904762,0.20476190476190476,0.6476190476190476
ba4236df-b09a-4515-9e25-e2b50ad96581,pgp_broccatelli,True,0.0012397894179969676,136,136,-0.0,1.1460122408180342,0.08823529411764706,0.21323529411764705,0.6985294117647058
bd832691-90a3-4d80-a537-2ed13ea7f797,pgp_broccatelli,True,3.3714751834855206e-22,190,190,-0.0,1.3674766216226368,0.12631578947368421,0.3105263157894737,0.5631578947368421
c4f9cd54-8b00-44d7-873e-5bda3418d438,pgp_broccatelli,True,6.2556384468814036e-21,276,276,-0.0,1.329346523106679,0.13043478260869565,0.2644927536231884,0.605072463768116
c4fb0bf8-c9f6-4695-b2bf-b57eebd65408,pgp_broccatelli,False,2.7639507876769712e-24,153,153,-0.0,1.4455194360782435,0.3202614379084967,0.16339869281045752,0.5163398692810458
c69cc3d4-197d-4229-8fbc-e152b18902d7,pgp_broccatelli,False,0.0008425609617450248,190,190,-0.0,1.0835907096482291,0.1,0.1631578947368421,0.7368421052631579
c6d549c4-9615-4d18-be18-b1147123e144,pgp_broccatelli,False,2.197222983912711e-05,253,253,-0.0,1.2675682403306374,0.09090909090909091,0.2964426877470356,0.6126482213438735
d0751677-175f-44c5-9545-7dafc2290afe,pgp_broccatelli,True,1.1713703915989618e-22,210,210,-0.0,1.229045258862424,0.14285714285714285,0.18095238095238095,0.6761904761904762
d17c8717-1e58-4ca5-b8df-8477ac6148d8,pgp_broccatelli,False,9.160081188228628e-05,231,231,-0.0,1.3113541637322288,0.12987012987012986,0.2510822510822511,0.6190476190476191
d60cb2df-c175-442b-9162-8c4a2c55486c,pgp_broccatelli,True,0.00048400275872072636,210,210,-0.0,1.286884532865874,0.1619047619047619,0.19047619047619047,0.6476190476190476
d6e33032-c76e-4962-9512-1f75f70fcb2e,pgp_broccatelli,True,6.467531909398315e-17,210,210,-0.0,1.3898123150156763,0.1619047619047619,0.2619047619047619,0.5761904761904761
d933db74-41ee-4489-af2d-f30090b7c106,pgp_broccatelli,True,8.764067207477977e-21,253,253,-0.0,1.4643556054421063,0.2845849802371542,0.19367588932806323,0.5217391304347826
d9b9e6ed-79e5-4125-bc95-91cb4b763906,pgp_broccatelli,False,1.5307279937000329e-22,231,231,-0.0,1.3554149537482663,0.16883116883116883,0.22510822510822512,0.6060606060606061
dad24692-2f16-4769-8bb9-36c45b20e02a,pgp_broccatelli,True,2.1856107664850073e-21,276,276,-0.0,1.3701462236611324,0.11594202898550725,0.3442028985507246,0.5398550724637681
db07c8f2-4a30-4e79-b553-de72951003ad,pgp_broccatelli,False,4.307092164841791e-21,276,276,-0.0,1.449731995736859,0.213768115942029,0.2427536231884058,0.5434782608695652
dcde7fe3-0550-4885-97ca-9d39deee500c,pgp_broccatelli,True,8.387784929132413e-23,190,190,-0.0,1.38435120204826,0.16842105263157894,0.24736842105263157,0.5842105263157895
dcf46bb2-68ad-4cca-90d7-0d4fba133a5f,pgp_broccatelli,True,1.3773253163652933e-21,351,351,-0.0,1.3251011139824245,0.1111111111111111,0.301994301994302,0.5868945868945868
e133082f-5659-4421-ba15-be77d7705896,pgp_broccatelli,True,0.0004799075784611842,253,253,-0.0,1.2341894150967654,0.11067193675889328,0.22924901185770752,0.6600790513833992
e364dd8a-ff5c-439a-9057-687c5ca06daa,pgp_broccatelli,False,1.3837681833434098e-18,351,351,-0.0,1.2641477089810984,0.13105413105413105,0.21652421652421652,0.6524216524216524
edb407cf-8e66-44e0-a5e4-773344a881b1,pgp_broccatelli,True,1.0322877769035108e-22,378,378,-0.0,1.376111445114718,0.14285714285714285,0.2830687830687831,0.5740740740740741
efb94ce0-6aae-41ca-a41c-1bc07fb99125,pgp_broccatelli,False,3.9695710492260463e-20,276,276,-0.0,1.384431504340598,0.16666666666666666,0.25,0.5833333333333334
f1b09e20-7f05-479e-a03f-834d9243fa1a,pgp_broccatelli,True,1.9340386472097244e-21,253,253,-0.0,1.3165402699748199,0.1225296442687747,0.26877470355731226,0.6086956521739131
f38962ac-513c-4224-b569-33c1302d8afc,pgp_broccatelli,True,1.808814953422635e-18,231,231,-0.0,1.2579210893063917,0.12554112554112554,0.22077922077922077,0.6536796536796536
f39ee36b-f259-4df3-8322-2909c5bc8db0,pgp_broccatelli,True,1.9656778764995453e-21,325,325,-0.0,1.3238412281310732,0.11076923076923077,0.30153846153846153,0.5876923076923077
f4e55398-de1f-48b6-b03b-5e25352aa906,pgp_broccatelli,True,8.01613536769397e-18,171,171,-0.0,1.3151387205881286,0.14619883040935672,0.22807017543859648,0.6257309941520468
f63a2430-089a-4958-a597-57ef0da57ea4,pgp_broccatelli,True,3.352064969071888e-18,253,253,-0.0,1.3072881442959485,0.11857707509881422,0.26877470355731226,0.6126482213438735
f677ef38-35af-4d79-ba56-e5815bc488d6,pgp_broccatelli,True,1.4448550943004654e-17,276,276,-0.0,1.4846687129312488,0.18115942028985507,0.34057971014492755,0.4782608695652174
f6b8c03c-8328-4b70-a37d-a234056ce1f9,pgp_broccatelli,True,1.1636555711285267e-20,190,190,-0.0,1.3079358309573785,0.1736842105263158,0.18947368421052632,0.6368421052631579
f6f63b56-999a-42ba-b0ea-1d37804966b3,pgp_broccatelli,False,7.2780015966664895e-06,153,153,-0.0,1.2607717938967942,0.23529411764705882,0.11764705882352941,0.6470588235294118
f897bdb0-46c6-42a0-ad18-559c72ba4830,pgp_broccatelli,True,0.0006584956765216716,210,210,-0.0,1.3016248418929763,0.15714285714285714,0.20476190476190476,0.638095238095238
f8e7f629-48c0-4d55-804d-23bf25632964,pgp_broccatelli,False,9.760151030396267e-21,276,276,-0.0,1.3366093964890648,0.11956521739130435,0.29347826086956524,0.5869565217391305
facd4a0f-1312-4e2e-a27b-e27762c36215,pgp_broccatelli,True,6.276186946598368e-23,276,276,-0.0,1.1908357695697638,0.10144927536231885,0.21739130434782608,0.6811594202898551
fca399cd-d974-44f5-9abc-6dbac8e5b581,pgp_broccatelli,True,5.004775636802257e-22,325,325,-0.0,1.3313304307088702,0.09846153846153846,0.3476923076923077,0.5538461538461539
ffeddf41-c44f-4bb8-a76d-5f0a63e5e946,pgp_broccatelli,True,1.8157272099154118e-24,253,253,-0.0,1.2145383671539505,0.09881422924901186,0.23715415019762845,0.6640316205533597
