trace_id,smiles,endpoint,ground_truth,claude_prediction,claude_confidence,is_correct,n_reasoning_steps,n_tool_calls,n_total_steps,total_bonds,covalent_ratio,hydrogen_ratio,vdw_ratio
0257e9af-dce0-475c-a522-74f895efe7b9,CC(C)[C@H](NC(=O)OC(C)(C)C)[C@@H](O)CC(=O)C(C)(C)C,cyp2c9_veith,0,0,,True,20,0,22,210,0.20476190476190476,0.22380952380952382,0.5714285714285714
0496bba3-f239-45c9-82e6-8bbb6f853ac5,COc1ccccc1N1CCNCC1,cyp2c9_veith,0,0,,True,19,0,21,190,0.16842105263157894,0.34210526315789475,0.48947368421052634
060fbdf7-98d5-4eb1-a4ec-659c43e7b3be,CC(C)(C)NC(=O)CSc1nnc(Cc2ccc3c(c2)OCO3)n1C1CCCCC1,cyp2c9_veith,0,0,,True,20,0,22,210,0.10476190476190476,0.3619047619047619,0.5333333333333333
08391cb9-ce9f-46b2-9508-9ba98903eb16,NC(N)=NC(=O)c1nc(Cl)c(N2CCCCCC2)nc1N,cyp2c9_veith,0,0,,True,20,0,22,190,0.17894736842105263,0.1736842105263158,0.6473684210526316
0967320f-d62d-4b8e-85ac-d1250022394f,COc1ccc2c(c1)O[C@H](c1cccc(C(F)(F)F)c1)[C@@H](O)C2=O,cyp2c9_veith,0,0,,True,27,0,29,378,0.12962962962962962,0.2751322751322751,0.5952380952380952
0a75337a-fd2c-434f-b9d0-4a801262160a,O=C(O)c1cccc([As]=[As]c2cccc(C(=O)O)c2)c1,cyp2c9_veith,0,0,,True,18,0,20,171,0.2222222222222222,0.23391812865497075,0.543859649122807
0fa73734-8740-499d-b32f-a13c0255e674,O=C(NCc1n[nH]c(=S)n1-c1cccc(Cl)c1)c1ccc(S(=O)(=O)N2CCCC2)cc1,cyp2c9_veith,1,1,,True,25,0,27,300,0.15,0.22666666666666666,0.6233333333333333
114c3d4e-125a-4636-9505-34655a96b6e5,N#C/C(=C\c1ccc(N2CCCC2)c([N+](=O)[O-])c1)c1nc2ccccc2[nH]1,cyp2c9_veith,1,1,,True,19,0,21,190,0.18947368421052632,0.3263157894736842,0.4842105263157895
11518dfe-f1f8-41ea-b1a8-11391380f270,CCn1c2ccccc2c2cnc(N=CN(C)C)c(C#N)c21,cyp2c9_veith,1,1,,True,23,0,25,300,0.17,0.23666666666666666,0.5933333333333334
13f43361-19dd-4187-98cd-11c069ca014b,c1ccc(-c2ccc(N3CC[C@@]4(CCCNC4)C3)cc2)cc1,cyp2c9_veith,0,0,,True,18,0,20,171,0.11695906432748537,0.19883040935672514,0.6842105263157895
15f823e4-6eb4-40ef-9876-919f955ac82a,Cc1noc(C)c1C(=O)N1CCC[C@@]2(CCN(CC(C)C)C2)C1,cyp2c9_veith,0,0,,True,22,0,24,253,0.1422924901185771,0.22924901185770752,0.6284584980237155
1768f3bb-b92d-4263-9549-4ad133f70bee,N#Cc1cccc(-c2nccc(NCc3cccs3)n2)c1,cyp2c9_veith,0,0,,True,21,0,23,231,0.16883116883116883,0.2077922077922078,0.6233766233766234
185891ac-8af7-4f0f-94dc-1e2a4dd74c4b,O=C(c1cccc(F)c1)N1CCC2(CCCN(C(c3ccccc3)c3ccccc3)C2)CC1,cyp2c9_veith,1,1,medium,True,24,0,27,325,0.18769230769230769,0.19076923076923077,0.6215384615384615
1f5c693e-3e3b-4e59-ad5f-2f4f84bf0d3a,O=C(NC(=S)Nc1cccc(Cl)c1N1CCCCC1)c1cccs1,cyp2c9_veith,1,1,,True,20,0,22,210,0.17142857142857143,0.2857142857142857,0.5428571428571428
224e3d56-149d-4280-b9ff-fd00272de2c7,O=C(c1cnccn1)N1CCC2(CCCN(Cc3nccs3)C2)CC1,cyp2c9_veith,1,0,,False,23,0,25,276,0.18115942028985507,0.2427536231884058,0.5760869565217391
259bbcb3-b611-4762-ab11-a56ec65d5f71,COC(=O)c1cc(/C=C/c2ccccc2)on1,cyp2c9_veith,0,0,,True,20,0,22,210,0.3333333333333333,0.21904761904761905,0.44761904761904764
2690174a-8962-430b-8469-8f6e7212cf12,c1ccc2c(Nc3ccncc3)nc(-c3ccoc3)nc2c1,cyp2c9_veith,0,0,,True,19,0,21,210,0.14285714285714285,0.19523809523809524,0.6619047619047619
272650a8-ea49-4e44-b804-2ff7aad1e16e,COc1cc(/C=C(/C#N)c2nc3ccccc3[nH]2)ccc1Oc1ncccc1[N+](=O)[O-],cyp2c9_veith,1,1,,True,22,0,24,253,0.14624505928853754,0.22529644268774704,0.6284584980237155
2854408e-a5ad-412a-af9e-f62f1c6debb4,COc1ccc(C)cc1NC(=O)CN1CCN(S(=O)(=O)c2ccc(F)cc2)CC1,cyp2c9_veith,1,1,,True,29,0,31,406,0.18472906403940886,0.2684729064039409,0.5467980295566502
2980ec4e-8dc8-437d-b2bc-29eea5ae5de4,CN1CCN(NC(=O)c2ccccc2F)CC1,cyp2c9_veith,0,0,,True,19,0,21,171,0.1871345029239766,0.23391812865497075,0.5789473684210527
300fa456-2f09-4a18-be4d-217d3b6cd218,CCCCCOCC(O)CCC(=O)NN,cyp2c9_veith,0,0,,True,24,0,26,300,0.17333333333333334,0.19333333333333333,0.6333333333333333
30774cef-1832-458a-a3cb-7247fe81f20a,COc1ccc(NC(=O)N2CC3(CCN(C(=O)c4ccco4)CC3)C2)cc1,cyp2c9_veith,0,0,,True,21,0,23,231,0.19047619047619047,0.24242424242424243,0.5670995670995671
30f7f6de-d9e9-45d0-ade1-246aabd77cfa,Cc1cccc(CNc2ncnc3ccc(-c4ccc5c(c4)OCO5)cc23)c1,cyp2c9_veith,1,0,,False,21,0,23,231,0.2077922077922078,0.2077922077922078,0.5844155844155844
34265949-5af7-450b-a674-bbba5ca28e0e,CN(C)c1ccc(-c2nc(NC3CCNCC3)c3ccccc3n2)cc1,cyp2c9_veith,0,0,,True,19,0,21,190,0.1631578947368421,0.21052631578947367,0.6263157894736842
34aaf679-2063-46b6-b15d-713c847f9760,COc1ccc(NC(=O)C2(c3ccc(NC(=O)c4ccc(C)cc4)cc3)CCCC2)cc1,cyp2c9_veith,0,0,,True,24,0,26,300,0.25666666666666665,0.23333333333333334,0.51
34b28048-6ddc-4dcf-aab9-2d50623b0cad,C(=NC12CN3CN(CN(C3)C1)C2)c1cccs1,cyp2c9_veith,0,0,,True,21,0,24,253,0.16205533596837945,0.19367588932806323,0.6442687747035574
37dcab5b-13ff-478e-82d5-77302bc0f231,N#CCSc1nc2cc(C(=O)N3CCCC3)ccc2c(=O)n1Cc1ccccc1,cyp2c9_veith,1,1,,True,22,0,24,253,0.16600790513833993,0.20553359683794467,0.6284584980237155
386a8a46-0906-4ad4-bfea-5cfd2a06a1a3,CCN=C(N)CSS(=O)(=O)O,cyp2c9_veith,0,0,,True,21,0,23,231,0.16883116883116883,0.11688311688311688,0.7142857142857143
39bde75b-44af-4d54-89ea-fad2bd47150b,CCOC(=O)CNc1c(-c2ccccc2)nc2ccc(Cl)cn12,cyp2c9_veith,1,1,,True,20,0,22,210,0.2714285714285714,0.1761904761904762,0.5523809523809524
3f50422d-1bd7-48bd-90a4-a796b192692c,Cc1ccc(-c2ccc(=O)n(CC(=O)NCc3ccco3)n2)cc1,cyp2c9_veith,1,0,,False,25,0,27,325,0.16923076923076924,0.12615384615384614,0.7046153846153846
45d1b161-ee00-49b0-afce-51b7ae31a9f7,O=C(O)CNCP(=O)(O)O,cyp2c9_veith,0,0,,True,17,0,20,171,0.21637426900584794,0.29239766081871343,0.49122807017543857
486d06ac-fbe2-42c2-a4fc-efad1d334cd7,COC(=O)c1cn(NC(=O)C2CCC(C(C)(C)C)CC2)c(=O)c2ccccc12,cyp2c9_veith,1,0,,False,25,0,27,300,0.08,0.18,0.74
487270e1-fefe-43b7-9e19-254006e9226a,COc1cc(C[C@H]2C(=O)OC[C@@H]2Cc2ccc(OC)c(OC)c2)ccc1O,cyp2c9_veith,1,0,,False,24,0,26,300,0.17333333333333334,0.20333333333333334,0.6233333333333333
4b263678-724a-4a28-9d53-e23800ea78bd,COc1ccc(C2C(Oc3ccccc3)C(=O)N2c2cc(C)ccc2C)cc1OC,cyp2c9_veith,1,0,,False,20,0,22,210,0.2,0.3047619047619048,0.49523809523809526
4efa9977-5621-4e8e-8896-59b8d5f121ee,Cc1ccc(CNC(=O)Cc2csc(Nc3nc(=S)[nH]c4ccccc34)n2)cc1,cyp2c9_veith,1,1,,True,22,0,24,253,0.1541501976284585,0.26877470355731226,0.5770750988142292
4f6483bc-bc5a-4263-bcf2-1f5c72b9ec35,NC(=O)C1CCN(c2ccc(C(F)(F)F)cc2[N+](=O)[O-])CC1,cyp2c9_veith,1,0,,False,23,0,25,276,0.15942028985507245,0.22826086956521738,0.6123188405797102
5037d76a-1cca-4b93-b1ab-65e404676ac3,COc1ccc(CNc2ncncc2-c2c(C)noc2C)c(OC)c1,cyp2c9_veith,0,0,,True,24,0,26,300,0.22,0.16666666666666666,0.6133333333333333
50c73f84-c039-4d46-ba0e-3705d0688cdb,N#Cc1cccc(-c2nc(NCc3ccccc3)c3ccccc3n2)c1,cyp2c9_veith,0,0,,True,20,0,22,210,0.12380952380952381,0.22857142857142856,0.6476190476190476
5602ed83-0d0a-4011-9dee-1162878d6e8b,Cc1nc(-n2nnc3cc(C)c(C)cc32)c2c3c(sc2n1)CCCC3,cyp2c9_veith,1,1,,True,22,0,24,253,0.1541501976284585,0.17391304347826086,0.6719367588932806
567b80b2-1a6e-4cb7-9a0b-733eefba6086,CS(=O)(=O)N1CCC2(CCN(C(=O)Nc3cccc(C#N)c3)CC2)CC1,cyp2c9_veith,0,0,,True,20,0,22,210,0.19047619047619047,0.20952380952380953,0.6
591ac136-842b-4410-84b4-628bf9c3cce4,O=C(Nc1cccc(F)c1)N1CC[C@@]2(CCCN(C(=O)c3cccc(F)c3)C2)C1,cyp2c9_veith,0,0,,True,20,0,22,210,0.2857142857142857,0.1619047619047619,0.5523809523809524
5cc37b73-11a1-4699-88ae-7e6a4ff8a4fa,CCCc1nn(-c2ccccc2)c2c1C(c1cccs1)C(C#N)=C(N)O2,cyp2c9_veith,1,1,,True,22,0,24,253,0.15019762845849802,0.2727272727272727,0.5770750988142292
5e1048d8-57e5-4131-ba36-3ad6063a5439,CC1=C(C(=O)Nc2cccnc2)C(c2cccnc2)n2nc(-c3cccs3)nc2N1,cyp2c9_veith,1,1,,True,20,0,23,253,0.14624505928853754,0.2450592885375494,0.6086956521739131
5ea5c55f-ce99-42b4-81f1-0f33fce1fb16,C[N+](C)(C)CCCCCC[N+](C)(C)C.O.O.[Br-].[Br-],cyp2c9_veith,0,0,,True,18,0,20,171,0.27485380116959063,0.16374269005847952,0.5614035087719298
61300a73-d39d-4aa7-8bec-7913b2dfa514,C[C@@H](O)CN(CCN(C[C@@H](C)O)C[C@@H](C)O)C[C@@H](C)O.O=[N+]([O-])O.[Cu],cyp2c9_veith,1,0,,False,17,0,19,153,0.2222222222222222,0.3006535947712418,0.477124183006536
615c03f2-498d-4839-a8f5-cfd76e33bb9a,O=C(c1cnccn1)N1CCC[C@@]2(CCN(Cc3nccs3)C2)C1,cyp2c9_veith,0,0,,True,18,0,20,171,0.1871345029239766,0.15789473684210525,0.6549707602339181
638c342e-62bf-4cde-ba0a-bb88c934c8cb,CCCCCCCCCCCCCC(=O)O[C@H](CC(=O)O)C[N+](C)(C)C,cyp2c9_veith,0,0,,True,24,0,26,300,0.20333333333333334,0.17333333333333334,0.6233333333333333
63aef33c-61c0-4c22-84b9-67a72fc45fce,Cc1ccc(SCCNC(=S)Nc2ccc(C)c(C)c2)cc1,cyp2c9_veith,1,1,,True,22,0,24,253,0.14624505928853754,0.25691699604743085,0.5968379446640316
64929109-af96-4186-81f8-2d77c632ca0d,COc1ccccc1CN1CCCC2(CCN(C(=O)c3cc(C(F)(F)F)cc(C(F)(F)F)c3)CC2)C1,cyp2c9_veith,0,0,,True,24,0,26,300,0.21333333333333335,0.19,0.5966666666666667
6aa4a5d6-43f7-4166-8d10-0470ed27fba2,O=C(CCCNS(=O)(=O)c1cccc2nsnc12)NCCc1ccccc1,cyp2c9_veith,1,1,,True,22,0,25,276,0.15579710144927536,0.2318840579710145,0.6123188405797102
6e294346-c6aa-4f94-95b2-0bb8c8ff4e03,COc1cccc(-c2noc(Cn3nc(C)c([N+](=O)[O-])c3C)n2)c1,cyp2c9_veith,1,0,,False,24,0,26,300,0.24666666666666667,0.11333333333333333,0.64
72136e4e-873b-4f84-9ff8-86a54920caab,COc1ccc(NC(=O)N2CC[C@@]3(CCCN(C(=O)c4cc(C(F)(F)F)cc(C(F)(F)F)c4)C3)C2)cc1,cyp2c9_veith,0,0,,True,21,0,23,231,0.19480519480519481,0.18181818181818182,0.6233766233766234
721edbe0-a5f0-4091-9b93-c6e226c9cad3,CO[C@@H]1COC(=O)CCC[C@@H](C)[C@H](OC)COC(=O)[C@H](Cc2ccccc2)NC(=O)C/C=C\[C@H]1C,cyp2c9_veith,0,0,,True,18,0,20,171,0.21052631578947367,0.23976608187134502,0.5497076023391813
74c74c3c-eeb6-4083-8dce-ebb12eac774e,CC(=O)OCCCN1c2ccccc2Nc2nnc(-c3ccccc3)cc21,cyp2c9_veith,1,1,,True,22,0,24,253,0.19367588932806323,0.23715415019762845,0.5691699604743083
7b1e77ac-73f0-4ea7-9434-200a28d1258f,CNc1ncncc1-c1ccccc1OC,cyp2c9_veith,0,0,,True,18,0,20,171,0.2631578947368421,0.23976608187134502,0.49707602339181284
7b8b9722-49c7-496c-9773-8f6eb0322f7c,Nc1nc2c(c(=O)[nH]1)N(C=O)[C@H](CNc1ccc(C(=O)N[C@@H](CCC(=O)[O-])C(=O)[O-])cc1)CN2.[Ca+2],cyp2c9_veith,0,0,,True,22,0,24,253,0.13043478260869565,0.16205533596837945,0.7075098814229249
7ed8a5fa-58bc-4983-8a57-d181bc9fcad5,CC1(C)S[C@@H]2[C@H](C(=O)O)N=C(Cc3ccccc3)N2[C@H]1C(=O)O,cyp2c9_veith,0,0,,True,22,0,24,253,0.17391304347826086,0.18972332015810275,0.6363636363636364
7f6cb938-c723-4589-8ef4-bc29df94c969,Cn1cccc1C(=O)N1CCC2(CCCN(Cc3ccncc3)C2)CC1,cyp2c9_veith,1,0,,False,22,0,24,253,0.22529644268774704,0.16205533596837945,0.6126482213438735
83889b34-8356-4a33-ab45-6820453a2279,Cc1ccc(S(=O)(=O)N2CCOCC2)cc1NC(=O)COC(=O)CCC(=O)c1cccs1,cyp2c9_veith,1,0,,False,18,0,20,171,0.1695906432748538,0.2046783625730994,0.6257309941520468
86621645-2ba2-480d-902e-0006137b1880,Cc1cc(SCC(=O)c2ccc(Br)cc2)cc(C)[o+]1,cyp2c9_veith,1,1,,True,26,0,29,378,0.12433862433862433,0.2566137566137566,0.6190476190476191
8e219849-ffa2-4f67-b34f-d9e762602e4c,COc1cc2c(cc1OC)C1Cc3c(cnc4c(-c5ccc(F)cc5)cnn34)C(=O)N1CC2,cyp2c9_veith,1,1,,True,22,0,24,253,0.13438735177865613,0.20948616600790515,0.6561264822134387
8e41e48b-2fe6-4fe6-a217-a72cb4f5f18d,O=S(=O)(c1cccc2ncccc12)N1CCNCC1,cyp2c9_veith,0,0,,True,22,0,24,253,0.2015810276679842,0.18181818181818182,0.616600790513834
8e7636d6-e7cf-4cd3-9d0c-44fdf2a295b3,CCSc1nnc(NC(=O)Cc2ccccc2OC)s1,cyp2c9_veith,0,1,,False,23,0,25,300,0.17,0.16666666666666666,0.6633333333333333
916ac328-fb7f-443e-ba46-472e4776174f,CC(=O)NBr,cyp2c9_veith,0,0,,True,16,0,18,136,0.3014705882352941,0.25,0.4485294117647059
92e375d5-f33f-4824-ae71-be149c733d0f,NCCSS(=O)(=O)CCN,cyp2c9_veith,0,0,,True,21,0,23,231,0.12987012987012986,0.18181818181818182,0.6883116883116883
93894c51-e867-4e0f-9165-53697bfbc616,Cc1noc2ncnc(Oc3ccc4ccccc4c3)c12,cyp2c9_veith,1,0,,False,18,0,20,171,0.19883040935672514,0.1695906432748538,0.631578947368421
94e989c6-5f5e-4ff4-850c-bca73a272e48,CN1C(=O)C(=Cc2ccccc2Oc2ccc(Cl)c(F)c2)C(=O)N(C)C1=O,cyp2c9_veith,1,1,,True,19,0,21,171,0.23976608187134502,0.22807017543859648,0.5321637426900585
9739fa72-0186-4aa5-96cf-b6017306ce83,Nc1ncncc1-c1ccc([N+](=O)[O-])cc1,cyp2c9_veith,0,0,,True,16,0,18,136,0.25735294117647056,0.23529411764705882,0.5073529411764706
99d95c32-a504-46b6-bdb6-f8e70fea6407,CN1C(=O)/C(=N\OC(=O)c2cccc3ccccc23)c2ccccc21,cyp2c9_veith,1,0,,False,19,0,21,190,0.22631578947368422,0.20526315789473684,0.5684210526315789
9f6f2ef4-2b42-45dd-baee-407926ef30ac,O=c1c(-c2ccc(Cl)cc2)nc2cnc(N3CCNCC3)nc2n1CCc1ccccc1,cyp2c9_veith,1,1,,True,19,0,21,153,0.11764705882352941,0.20915032679738563,0.673202614379085
a50f8986-559b-427a-88dd-4319e19ad649,COCCNC(=O)c1onc(CSc2cccc(Cl)c2)c1C(=O)O,cyp2c9_veith,1,1,,True,19,0,21,190,0.1631578947368421,0.2578947368421053,0.5789473684210527
a79ed4d2-a2ae-4ceb-a2a1-650623a4a025,O=C(O)CC[N+](=O)[O-],cyp2c9_veith,0,0,,True,14,0,16,105,0.42857142857142855,0.17142857142857143,0.4
a7f786ab-8711-4120-8ab8-b387400946d7,CS(=O)(=O)Nc1cccc(-c2ccc3ncnc(NCCN4CCOCC4)c3c2)c1,cyp2c9_veith,0,0,,True,21,0,23,231,0.17316017316017315,0.24675324675324675,0.5800865800865801
ad80367a-add1-48a6-b3dc-c14905153680,CC1(O)c2ccccc2C(=O)N1CCc1ccccc1F,cyp2c9_veith,1,1,,True,24,0,26,300,0.15333333333333332,0.27666666666666667,0.57
ad8679bb-65ab-4ca0-9fc6-f5e32efe653b,CN1C(=O)C(CC(N)=O)N(NC(=O)c2ccc(Cl)cc2)C1=S,cyp2c9_veith,0,0,,True,20,0,22,210,0.12380952380952381,0.17142857142857143,0.7047619047619048
af536144-3d42-45a3-adf7-6e1f3f6a86f3,Cc1cccc(NC(=S)NC(=O)CCc2ccccc2)c1,cyp2c9_veith,1,1,,True,23,0,25,276,0.1956521739130435,0.15942028985507245,0.644927536231884
af56df4c-8f22-4aea-9976-18b208fcb8c7,CN1C(=O)c2ccccc2Sc2ccc(C(=O)N3CCC4(CC3)OCCO4)cc21,cyp2c9_veith,1,1,,True,19,0,22,190,0.14210526315789473,0.30526315789473685,0.5526315789473685
b6360ffd-6d21-4967-9be8-cd35d0402d65,Cn1nc(C(F)(F)F)c(/C=N/OCc2c(Cl)cccc2Cl)c1Cl,cyp2c9_veith,1,1,,True,21,0,23,231,0.23376623376623376,0.23376623376623376,0.5324675324675324
bec39296-ade8-49e0-844f-343a86c18c22,O=c1c2ccccc2c(-c2ccccc2)nn1Cc1ccc(Cl)cc1,cyp2c9_veith,1,1,,True,19,0,21,190,0.18947368421052632,0.23684210526315788,0.5736842105263158
c2418381-a772-498d-99a5-6268687c8207,CCOC(=O)C(NC(C)=O)C(=O)O,cyp2c9_veith,0,0,,True,19,0,21,190,0.2,0.21052631578947367,0.5894736842105263
c357131c-127c-4893-b0f5-d9b6ebb44b90,CCCOc1ccc(C2C(=O)N(C3CCCCC3)CC(=O)N2C2CC2)cc1OC,cyp2c9_veith,1,0,,False,22,0,24,253,0.16205533596837945,0.18181818181818182,0.6561264822134387
c40c8af5-42e3-49f9-be99-7f37d25b2f15,O=C1S/C(=C/c2ccc(N3CCOCC3)o2)C(=O)N1Cc1ccc(F)cc1,cyp2c9_veith,0,0,,True,23,0,25,276,0.18840579710144928,0.18840579710144928,0.6231884057971014
c50d7fc4-e0ca-4dfd-9339-2a1abe681a8a,C=C1C(=O)O[C@H]2[C@H]1CC/C(C)=C\CC[C@@]1(C)O[C@H]21,cyp2c9_veith,0,0,,True,19,0,21,190,0.19473684210526315,0.21578947368421053,0.5894736842105263
c6081ac1-a14f-4cb6-bb71-b49b3a0ce098,COc1ccc(/C=N/N=C/c2ccc(OC)c(O)c2)cc1O,cyp2c9_veith,0,0,,True,19,0,21,171,0.19298245614035087,0.19883040935672514,0.6081871345029239
cce70fa9-6eef-4fb8-9b57-211422fe69c4,NCCC[C@@H](N)C(=O)O,cyp2c9_veith,0,0,,True,19,0,21,190,0.17894736842105263,0.22631578947368422,0.5947368421052631
d3165c88-1921-4887-99bc-a3b19ad942dd,C[C@@H]([C@H](O)c1ccc(O)cc1)N1CCC(Cc2ccccc2)CC1,cyp2c9_veith,0,0,,True,19,0,21,190,0.17894736842105263,0.3263157894736842,0.49473684210526314
d326f310-cbb2-4717-a610-5d8efc268a0f,C=CCN1C[C@H](C)N([C@H](c2ccc(C(=O)N(CC)CC)cc2)c2cccc(O)c2)C[C@H]1C,cyp2c9_veith,1,0,,False,23,0,25,253,0.15810276679841898,0.2490118577075099,0.5928853754940712
d484b687-6311-454f-a04d-5f9c540f9bd1,COc1ccccc1N1CCN(CCCCN2C(=O)CCC2=O)CC1,cyp2c9_veith,1,0,,False,22,0,24,253,0.21739130434782608,0.16600790513833993,0.616600790513834
d4a89f19-8ce3-4c9a-8571-714cd67abe1e,Cc1ccc(Cn2nc(-c3ccccc3)nc2-c2ccccc2)cc1,cyp2c9_veith,1,1,,True,21,0,24,253,0.11067193675889328,0.2015810276679842,0.6877470355731226
d6689496-7ee2-4bd0-9f97-696e6390870a,O=C(NCc1ccco1)c1ccc(N2CCCC2=O)cc1,cyp2c9_veith,0,0,,True,19,0,21,190,0.1736842105263158,0.25263157894736843,0.5736842105263158
d9173962-198b-4a07-9d10-f6c595819798,CCCCCC1=C2CNC(CC(C)C)(C(=O)OC)C=C2C(C)C1=O,cyp2c9_veith,1,1,,True,25,0,27,325,0.13538461538461538,0.3292307692307692,0.5353846153846153
e224f80d-9e7b-4c2e-a064-924fe61c536c,C=C(NC(=O)C(=C)NC(=O)c1csc(C2=N[C@@H]3c4csc(n4)[C@@H]4NC(=O)c5csc(n5)[C@@H]([C@](C)(O)[C@H](C)O)NC(=O)[C@@H]5CSC(=N5)/C(=C/C)NC(=O)[C@@H]([C@H](C)O)NC(=O)c5csc(n5)[C@]3(CC2)NC(=O)[C@@H](C)NC(=O)C(=C)NC(=O)[C@@H](C)NC(=O)[C@@H]([C@@H](C)CC)N[C@H]2C=Cc3c([C@H](C)O)cc(nc3[C@@H]2O)C(=O)O[C@H]4C)n1)C(N)=O,cyp2c9_veith,0,0,,True,22,0,24,210,0.21428571428571427,0.2523809523809524,0.5333333333333333
e2582a6d-8047-4381-8b47-fd1f9c6d7e20,C(=C\c1ccccc1)\CN1CCN(CCOC(c2ccccc2)c2ccccc2)CC1,cyp2c9_veith,1,0,,False,26,0,28,351,0.1737891737891738,0.1396011396011396,0.6866096866096866
e4f70d4b-6fbc-4250-85cd-6f65e8eabf17,Cc1ccc(S(=O)(=O)NC(=O)c2cccn2C)cc1,cyp2c9_veith,1,0,,False,18,0,20,171,0.0935672514619883,0.2573099415204678,0.6491228070175439
ed477cdd-762c-4787-b1dd-e5eedb437db6,CCCn1nc2cc(C(=O)NCc3ccccc3OC)ccc2c1OCC,cyp2c9_veith,0,0,,True,18,0,20,190,0.2,0.19473684210526315,0.6052631578947368
ed5be937-c6ea-414c-86c3-b69cc26a1593,CCCc1cc2c(n1CCO)C(C)C1CN(C(=O)c3ccccc3)C(C)(C(=O)OC)C21,cyp2c9_veith,1,1,,True,21,0,23,231,0.15584415584415584,0.24242424242424243,0.6017316017316018
ee03d3bc-a34f-4848-b35c-08efc915ef7d,COc1ccc(N(C)S(=O)(=O)c2c(C)[nH]c(=O)[nH]c2=O)cc1,cyp2c9_veith,1,0,,False,21,0,23,231,0.1774891774891775,0.23376623376623376,0.5887445887445888
f071578b-39c9-4fa7-97c0-68fbb0b0bab6,O=[N+]([O-])c1ccccc1/C=N/n1c(COc2ccccc2)n[nH]c1=S,cyp2c9_veith,1,1,,True,24,0,26,300,0.18333333333333332,0.30333333333333334,0.5133333333333333
f91aec2f-1d52-4595-815e-47e818fbf497,CCN=C=NCCCN(C)C,cyp2c9_veith,0,0,,True,16,0,18,136,0.27941176470588236,0.25735294117647056,0.4632352941176471
fe6b6b37-13ac-41e6-bb2e-2a3b460e4f04,CCOC(=O)CC(Nc1nc(N2CCOCC2)nc(N2CCOCC2)n1)c1ccccc1Cl,cyp2c9_veith,1,1,,True,24,0,26,300,0.17666666666666667,0.2966666666666667,0.5266666666666666
011ba6c9-1538-4326-8430-5338d825d1da,CCSc1ccc2c(c1)N(CCCN1CCN(C)CC1)c1ccccc1S2.O=C(O)C[C@@H](O)C(=O)O.O=C(O)C[C@@H](O)C(=O)O,cyp2d6_veith,1,1,,True,19,0,21,210,0.15714285714285714,0.28095238095238095,0.5619047619047619
02609025-c8af-4ec7-8d38-64e1ffb01de7,COC(Cc1n[nH]c(=S)n1-c1ccc(Cl)cc1)OC,cyp2d6_veith,0,0,,True,21,0,23,210,0.26666666666666666,0.2857142857142857,0.44761904761904764
039d34d8-4242-449e-8404-67afbdb057db,Cc1cc(NC(=S)Nc2ccccc2)ccc1Br,cyp2d6_veith,1,0,,False,22,0,24,253,0.18972332015810275,0.22924901185770752,0.5810276679841897
03e348f2-d497-4b49-92e2-a0d9e982518d,CC(=O)[C@H](CC(C)C)NC(=O)[C@@H](CC(C)C)NC(=O)[C@H](CC(C)C)NC(=O)OCc1ccccc1,cyp2d6_veith,0,0,,True,21,0,23,253,0.13438735177865613,0.30039525691699603,0.5652173913043478
044f10d4-2a04-4732-b9b2-1212daeaf947,N[C@@H](Cc1c[nH]c2ccccc12)C(=O)O,cyp2d6_veith,0,0,,True,16,0,18,136,0.10294117647058823,0.2867647058823529,0.6102941176470589
04689128-675a-4702-9ff4-e71f6914068e,O=C(Nc1ccccc1)N1CC[C@@]2(CCCN(C(=O)c3ccncc3)C2)C1,cyp2d6_veith,0,0,,True,23,0,25,276,0.18115942028985507,0.286231884057971,0.532608695652174
0871afe4-a9b2-4d2f-a8f5-cb3fcdb0d5ba,CC(=O)Nc1ccc(-c2ccccc2)s1,cyp2d6_veith,0,0,,True,22,0,24,253,0.15019762845849802,0.25691699604743085,0.5928853754940712
0b093e49-4610-4e5d-aa78-5ea7732fdca9,Cc1cccc(C(=O)NN(C)c2nc(-c3ccccc3)nnc2C(F)(F)F)c1,cyp2d6_veith,0,0,,True,25,0,27,253,0.16600790513833993,0.1976284584980237,0.6363636363636364
0e5bde73-b3f6-4034-839c-fdacd433877c,Cc1cc(C(=O)O)ccc1[C@H](N)C(=O)O,cyp2d6_veith,0,0,,True,17,0,19,153,0.1437908496732026,0.3006535947712418,0.5555555555555556
0e966ea4-9f1c-447a-a849-93fab9ac8fda,O=C(O)[C@@H](O)[C@@H](O)[C@H](O)C(=O)CO,cyp2d6_veith,0,0,,True,14,0,16,105,0.29523809523809524,0.2571428571428571,0.44761904761904764
0f48051c-6b22-4913-a1aa-2bd1842aca4e,N#C/C(=C\c1ccc(O)c(O)c1)C(=O)NCCCCc1ccccc1,cyp2d6_veith,1,0,,False,19,0,21,171,0.15204678362573099,0.2807017543859649,0.5672514619883041
12bbf68e-d889-473e-918c-4051a445e202,Cl.O=C1c2cccc3cccc(c23)C(=O)N1CC1CCN(CC(O)COc2ccc3ccccc3c2)CC1,cyp2d6_veith,1,1,,True,24,0,26,300,0.14333333333333334,0.2833333333333333,0.5733333333333334
1470139a-26e7-4327-bbda-1c6218a5c05d,CC1=N[C@@](C)(COC(=O)[C@]2(C)N[C@](C)(CO)CO2)COC1=O,cyp2d6_veith,0,0,,True,21,0,23,231,0.16883116883116883,0.1645021645021645,0.6666666666666666
1490c7ab-a97a-4eb0-bed5-410049ffd6d3,Cc1ccc2c(c1)[C@@H]1CN(C)CC[C@@H]1N2S(=O)(=O)c1ccc(F)cc1.Cl,cyp2d6_veith,1,1,,True,22,0,25,253,0.14624505928853754,0.2964426877470356,0.5573122529644269
1662413c-d1b4-4f52-9235-9928a9852e82,COc1ccccc1CN1CCCC2(CCN(S(=O)(=O)c3ccccc3)CC2)C1,cyp2d6_veith,1,1,,True,25,0,27,300,0.12,0.28,0.6
166f33f8-39bc-424b-b695-6fe64a2f1a02,CCCCCCNCc1cccc(Br)c1.Cl,cyp2d6_veith,1,1,,True,24,0,26,300,0.09,0.30666666666666664,0.6033333333333334
1a5cf3dd-0087-4811-8e7d-9639e1375a3e,CN1CCN(c2nc(-c3ccccc3)cc(C(F)(F)F)n2)CC1,cyp2d6_veith,1,1,,True,27,0,29,378,0.12433862433862433,0.24074074074074073,0.6349206349206349
1b090a53-a7ab-4421-94a2-6d8008a419f4,CCN(CC)c1ccc(/C=C/c2nc3ccccc3s2)cc1,cyp2d6_veith,1,1,,True,18,0,20,171,0.09941520467836257,0.23391812865497075,0.6666666666666666
1d9bc727-3d60-4234-a0f8-32f3fc13190b,CCN(CCO)Cc1csc2cccc(Br)c12.Cl,cyp2d6_veith,1,1,,True,17,0,19,153,0.20261437908496732,0.17647058823529413,0.6209150326797386
216efa4e-54d6-4bb1-95ca-c30de1db21d3,CCCCCCCCCCCCCCC[C@@H](O)[C@@H](N)CO,cyp2d6_veith,1,0,,False,20,0,22,231,0.11255411255411256,0.2857142857142857,0.6017316017316018
25d5e288-704b-46ce-8565-b2bf364784f1,Oc1ccccc1C1Nc2cccc3cccc(c23)N1,cyp2d6_veith,1,1,,True,18,0,20,153,0.16339869281045752,0.19607843137254902,0.6405228758169934
26a667c5-52ac-4cc7-8a18-ea76730015e7,C[C@H]1C(=O)O[C@@H]2CCN3CC=C(COC(=O)[C@@](C)(O)[C@@]1(C)O)[C@H]23,cyp2d6_veith,0,0,,True,23,0,25,210,0.18571428571428572,0.1761904761904762,0.638095238095238
2c64033b-42e7-4206-bea2-df610fe73d67,CCOc1cccc(OCCCNCCCOC)c1,cyp2d6_veith,1,0,,False,18,0,21,171,0.23391812865497075,0.14035087719298245,0.6257309941520468
2dd8bf82-90c2-47c6-a5a8-4391de5a9b7e,C/C(=C\[C@@H](N)C(=O)O)CP(=O)(O)O,cyp2d6_veith,1,0,,False,18,0,20,171,0.16374269005847952,0.17543859649122806,0.6608187134502924
36714cbf-d901-411b-90a5-1a0d16c28cc4,C[C@@H](C(=O)NCCc1c[nH]c2ccccc12)[C@H]1C[C@]1(C)[C@H](NC(=O)OCc1ccccc1)c1ccccc1,cyp2d6_veith,1,0,,False,30,0,32,435,0.12413793103448276,0.24597701149425288,0.6298850574712643
37419680-9c11-4b9c-98bd-a6e2f58423f8,Cc1cccc(CNc2nc(-c3cccnc3)nc3ccccc23)c1,cyp2d6_veith,1,1,,True,22,0,24,231,0.15584415584415584,0.26406926406926406,0.5800865800865801
37df6fbc-5dc5-422a-a3bc-0c9b68cdf80c,COc1cc(N=c2ssnc2Cl)cc(OC)c1OC,cyp2d6_veith,1,0,,False,23,0,25,276,0.15579710144927536,0.2318840579710145,0.6123188405797102
3b208de0-4ecb-4247-8977-c71962ce2d02,CCCCn1nc2cc(C(=O)NCc3ccc(C(F)(F)F)cc3C(F)(F)F)ccc2c1OCC,cyp2d6_veith,0,0,,True,20,0,22,210,0.11428571428571428,0.26666666666666666,0.6190476190476191
3ddab675-3803-480c-a05f-0f11da30e18f,CC(C)NP(=O)(NC(C)C)OP(=O)(NC(C)C)NC(C)C,cyp2d6_veith,0,0,,True,19,0,21,190,0.22631578947368422,0.21052631578947367,0.5631578947368421
3f7a6f94-75a9-4a62-9f10-a1f2efe40ad6,NC(=S)N/N=C\c1c[nH]c2ccccc12,cyp2d6_veith,0,0,,True,19,0,21,210,0.1523809523809524,0.26666666666666666,0.580952380952381
4594ed8b-cc3e-4223-96da-0379e9433555,O=C(c1ccncc1)N1CCC2(CCCN(Cc3nccs3)C2)CC1,cyp2d6_veith,1,1,,True,24,0,26,300,0.13666666666666666,0.29333333333333333,0.57
45d051b4-1c70-4421-9681-db72cd1e001f,CC(C)(C)c1cc(C#N)cc(Br)c1OP(=O)(Oc1c(Br)cc(C#N)cc1C(C)(C)C)c1ccccc1,cyp2d6_veith,0,0,,True,22,0,24,253,0.22529644268774704,0.25691699604743085,0.5177865612648221
4a2eda29-b6d4-4a98-949b-f1c1b950fc3f,Brc1ccc2ncnc(Nc3cccc4ccccc34)c2c1,cyp2d6_veith,1,0,,False,19,0,21,171,0.24561403508771928,0.2807017543859649,0.47368421052631576
4fbe6b05-6b33-4adc-9f5d-9458817f2ebe,COc1ccc(C=C(C#N)C#N)cc1,cyp2d6_veith,0,0,,True,17,0,19,153,0.2549019607843137,0.11764705882352941,0.6274509803921569
55a86cf6-cdb9-45c9-aab0-01c43ca4d654,c1ccc([C@H]2CNCc3ccccc32)cc1,cyp2d6_veith,1,1,,True,21,0,23,210,0.2,0.319047619047619,0.48095238095238096
58d531fd-e3cd-4b18-b3a6-9404036fa9f3,CC12CCC(C(=O)N(NC(=O)c3ccc(O)cc3)C1=O)C2(C)C,cyp2d6_veith,0,0,,True,24,0,26,276,0.11956521739130435,0.19927536231884058,0.6811594202898551
5cdb79a6-bcbf-457d-bf77-18e177727abb,CC(C)CC(=O)NC1(C(F)(F)F)C(=O)N(Cc2ccccc2)C2=C1C(=O)CC(C)(C)C2,cyp2d6_veith,0,0,,True,21,0,23,190,0.15263157894736842,0.2894736842105263,0.5578947368421052
5d4f3ded-bcbd-43ab-a6c5-5097f2ed29a6,N[C@H](C(=O)O)[C@H](O)C(=O)O,cyp2d6_veith,0,0,,True,16,0,18,136,0.34558823529411764,0.14705882352941177,0.5073529411764706
64e1432a-d98b-4164-94ef-f29b803e0f3f,COc1ccc(NC(=O)CSc2nc(-c3ccc(C)cc3)cc(C(F)(F)F)c2C#N)cc1,cyp2d6_veith,0,0,,True,22,0,24,253,0.11462450592885376,0.25691699604743085,0.6284584980237155
664e0c8c-e14d-4f00-bd5f-70eab6eb629b,O=C(O)CCC(=O)N1CCc2cc(S(=O)(=O)N3CCCCC3)ccc21,cyp2d6_veith,0,0,,True,22,0,25,276,0.09782608695652174,0.18478260869565216,0.717391304347826
6697cdef-897b-41d5-804a-8bd730095338,CCc1c(C(=O)O)[nH]c2ccc(Br)cc12,cyp2d6_veith,0,0,,True,18,0,20,171,0.1111111111111111,0.29239766081871343,0.5964912280701754
66f3766d-d0b8-45e1-ad44-a74803f4e1c4,CC(C)C[C@H](N)CSSC[C@@H](N)CC(C)C,cyp2d6_veith,1,0,,False,21,0,24,253,0.1422924901185771,0.1976284584980237,0.6600790513833992
69e210a7-56a2-4eb1-a88d-25bf5f5342b3,CCCOc1ccc(CSC(CC(=O)O)C(=O)O)cc1,cyp2d6_veith,0,0,,True,23,0,25,300,0.18333333333333332,0.12666666666666668,0.69
6b1a2dd7-f8a9-4988-aa94-a562fb4a092e,c1cc(CSc2ncnc3nc[nH]c23)ccn1,cyp2d6_veith,1,0,,False,18,0,20,171,0.1695906432748538,0.21637426900584794,0.6140350877192983
6c432f9a-f339-4731-93fa-3226363bad86,COc1cc2c(cc1O)[C@H]1Cc3ccc(OC)c(O)c3CN1CC2,cyp2d6_veith,1,1,,True,29,0,31,435,0.08735632183908046,0.20689655172413793,0.7057471264367816
6fa40d6b-18ff-4c4e-94e1-78217a6295bc,COC(=O)N1CCC2(CC1)CN(C(c1ccccc1)c1ccccc1)C2,cyp2d6_veith,1,1,,True,23,0,25,300,0.08666666666666667,0.24,0.6733333333333333
739efcd0-52f0-4f29-a6fe-8a7bfd625fae,COc1ccc(C(=O)Nc2ccc(Cl)cn2)cc1Cl,cyp2d6_veith,1,0,low,False,21,0,22,231,0.2077922077922078,0.26406926406926406,0.5281385281385281
73c6ba60-3201-4c90-95bd-7dbf88be1e3f,C/C(CC(=O)Nc1cccc2c1CCCC2)=N\NC(=O)c1ccccc1N,cyp2d6_veith,0,0,,True,20,0,23,231,0.2597402597402597,0.12987012987012986,0.6103896103896104
75a8fa10-e7a2-4a70-be7d-3ddd18689def,Cc1c(NC(=O)/C=C/C(=O)O)cccc1[N+](=O)[O-],cyp2d6_veith,0,0,,True,25,0,27,300,0.09666666666666666,0.23666666666666666,0.6666666666666666
787b9476-0ee5-404f-8ddc-a634e5520339,COc1ccc(C(=O)Nc2cc(C(C)=O)c(/C=C/N(C)C)oc2=O)cc1,cyp2d6_veith,0,0,,True,22,0,24,231,0.3116883116883117,0.15151515151515152,0.5367965367965368
7a87e8a4-0007-4fe0-a04c-a3ae4f5c83e0,O=S(=O)(c1cccc2cnccc12)N1CCNCC1,cyp2d6_veith,0,0,,True,25,0,27,325,0.1476923076923077,0.2523076923076923,0.6
7b5a42eb-59b7-4dc0-93f6-17518f86eaec,Cc1ccc(-c2nc3ccccc3o2)cc1NC(=O)Cc1cccs1,cyp2d6_veith,0,0,,True,21,0,23,210,0.12857142857142856,0.19523809523809524,0.6761904761904762
7db51f82-e48a-45fb-9824-96e6fa178cbf,C[N+]1(CC(=O)Nc2ccc(F)cc2)CCN(C(=O)c2ccco2)CC1.[Cl-],cyp2d6_veith,1,0,,False,27,0,29,351,0.245014245014245,0.25925925925925924,0.49572649572649574
7f8fd9cd-24af-4893-aac9-f24cf0707372,Cc1ccccc1-c1nccc(NCc2cccnc2)n1,cyp2d6_veith,1,0,,False,26,0,29,351,0.11396011396011396,0.24216524216524216,0.6438746438746439
83f31458-5c64-4dc7-abd4-97e1f1494653,CS(=O)(=O)c1ccc([C@H](O)[C@H](CF)NC(=O)C(Cl)Cl)cc1,cyp2d6_veith,0,0,,True,25,0,27,325,0.1476923076923077,0.18461538461538463,0.6676923076923077
8b83c74a-bd6d-4048-95a4-56ed925dbf04,CC(C)=CCC/C(C)=C/CO/N=C1/C[C@@H](O)[C@@H](O)[C@H]2[C@@H]1CC[C@@H]1C(=O)N([C@@H](C)c3ccccc3)C(=O)[C@H]12,cyp2d6_veith,0,0,,True,23,0,25,300,0.11333333333333333,0.17,0.7166666666666667
8ce009a3-5dfd-40d5-ba7f-102ae8cb0ef0,NC(N)=N/N=C\c1ccc(O)c(C(=O)O)c1,cyp2d6_veith,0,0,,True,20,0,22,210,0.21428571428571427,0.21428571428571427,0.5714285714285714
93635c27-9616-4aec-a4cc-c3622e93b301,CC(C)=NO[C@@H](C)CN1CCCCc2nc(C)c(C)cc21,cyp2d6_veith,1,0,,False,26,0,28,325,0.13230769230769232,0.25846153846153846,0.6092307692307692
93eb5429-0fb7-41ed-9f9d-6fcbab058d1d,CC(=O)NNc1nc2ccccc2s1,cyp2d6_veith,0,0,,True,21,0,23,253,0.28063241106719367,0.1067193675889328,0.6126482213438735
95071183-c06d-4be8-b7c3-b852238d4c13,COCC(=O)N1CCC[C@@]2(CCN(Cc3cc(C(F)(F)F)cc(C(F)(F)F)c3)C2)C1,cyp2d6_veith,1,1,,True,26,0,28,351,0.16524216524216523,0.2792022792022792,0.5555555555555556
9524550d-1024-4d14-9ca4-5ae79be48913,Cc1cccc(Oc2coc3cc(OC(=O)c4cc5ccccc5oc4=O)ccc3c2=O)c1,cyp2d6_veith,0,0,,True,25,0,27,325,0.21846153846153846,0.16615384615384615,0.6153846153846154
97eabdea-0937-45bf-ad8c-f51ddec904d9,CC(=O)OC[C@H]1O[C@@H](O/N=C(\C)CCC(=O)OC[C@@H]2O[C@H](C#Cc3ccccc3)C=C[C@@H]2Oc2ccc(C)cc2)[C@H](OC(C)=O)[C@@H](OC(C)=O)[C@H]1OC(C)=O,cyp2d6_veith,1,0,,False,21,0,23,231,0.1645021645021645,0.23376623376623376,0.6017316017316018
9c2ef0af-be4f-4bec-9933-03b0dd772fc5,CNc1ccnc(-c2ccccc2CN(C)C)n1,cyp2d6_veith,1,1,,True,26,0,28,325,0.20307692307692307,0.31076923076923074,0.48615384615384616
a2764a40-de7c-44e3-a255-50c0dbaddc70,COc1cccc(Nc2nc(-c3ccc(O)cc3)cs2)c1,cyp2d6_veith,1,0,,False,21,0,23,231,0.26406926406926406,0.19047619047619047,0.5454545454545454
a348033f-6c02-4e2f-82b7-0854967f0ff1,CCOc1ccccc1Oc1coc2cc(OC)ccc2c1=O,cyp2d6_veith,1,0,,False,24,0,26,325,0.15076923076923077,0.16307692307692306,0.6861538461538461
a48fa74b-d216-4a44-92b4-4e9bc2c1c145,COc1ccccc1NC(=O)CN1CCN(C2c3ccccc3-c3ccccc32)CC1,cyp2d6_veith,1,1,,True,22,0,25,276,0.13768115942028986,0.22826086956521738,0.6340579710144928
a6b3671f-ae8f-4a0d-97ba-46a9b42b4fab,NOCC(=O)O,cyp2d6_veith,0,0,,True,20,0,22,210,0.21904761904761905,0.1619047619047619,0.6190476190476191
a72f52f8-a0b1-46c5-adf7-dbe14ea2e8c2,C=CC[C@@H]1C=C[C@H](O/N=C(\C)CCN2CCc3nc(-c4ccccc4)c(-c4ccccc4)cc3C2)[C@H](CO)O1,cyp2d6_veith,0,1,,False,24,0,26,276,0.14855072463768115,0.2717391304347826,0.5797101449275363
a8fbe2f0-2758-4b9a-b791-917f5fb47a2d,CCC[C@@](C)(COC(N)=O)COC(=O)NC(C)C,cyp2d6_veith,0,0,,True,21,0,23,210,0.21904761904761905,0.18571428571428572,0.5952380952380952
a9d18e39-6312-4c84-bd70-a59c7aadaccd,Clc1ccc2c(c1)C(N1CCNCC1)=Nc1ccccc1O2,cyp2d6_veith,1,1,,True,25,0,27,325,0.11692307692307692,0.23076923076923078,0.6523076923076923
aa829cdd-fa81-4213-ba5a-2079b71e5116,NCC[C@@H](N)CSP(=O)(O)O,cyp2d6_veith,0,0,,True,18,0,20,171,0.18128654970760233,0.23976608187134502,0.5789473684210527
abcf26e4-96b0-4bf8-9133-ce9dc33afcbb,CCCOc1ccc(OCCNC2CCCC2)cc1,cyp2d6_veith,1,1,,True,29,0,32,435,0.2160919540229885,0.2574712643678161,0.5264367816091954
ae64d4f0-71de-43ba-9b73-e52c21a4351f,O=C(O)CCCCCNC(=O)c1ccccc1Br,cyp2d6_veith,0,0,,True,23,0,26,300,0.10666666666666667,0.2733333333333333,0.62
b696efdb-194b-4e7b-b0eb-293262547e9d,CCC(Sc1nc(=O)cc(N)n1CCc1ccccc1)C(=O)Nc1ccccc1C#N,cyp2d6_veith,1,0,,False,26,0,28,351,0.1452991452991453,0.1908831908831909,0.6638176638176638
b8422d6d-05f5-4c5d-b9d5-feff7ddf3a73,CC(C)OC(=O)c1cc2ccccc2oc1=O,cyp2d6_veith,0,0,,True,17,0,19,153,0.20261437908496732,0.12418300653594772,0.673202614379085
b995115b-f730-4df3-8a38-d406f824c825,Cc1ccc(CN2CC34C=CC(O3)C(C(=O)NCc3ccco3)C4C2=O)cc1,cyp2d6_veith,0,0,,True,26,0,28,325,0.12307692307692308,0.16923076923076924,0.7076923076923077
baf34151-af77-4c1c-86f9-9e817fc45696,N[C@H](C(=O)O)[C@H](OCc1ccccc1)C(=O)O,cyp2d6_veith,1,0,,False,17,0,19,153,0.1111111111111111,0.20261437908496732,0.6862745098039216
bd0043f1-468f-45fc-925e-573c2f3f2f0f,O=C(O)c1cc2cc(Cl)ccc2oc1=O,cyp2d6_veith,0,0,,True,22,0,24,253,0.11067193675889328,0.1976284584980237,0.691699604743083
c3e874ca-3a46-4196-8d66-586fa971fcc3,Cn1cccc1C(=O)N1CCC2(CCN(Cc3ccc(C#N)cc3)CC2)CC1,cyp2d6_veith,0,1,,False,26,0,28,351,0.14814814814814814,0.29914529914529914,0.5527065527065527
cb52e8ad-1f77-4253-b7fa-9497e1cc7d32,COc1cc(OC)c(NC(=S)Nc2cccc(C(C)=O)c2)cc1Cl,cyp2d6_veith,1,0,,False,19,0,21,210,0.24761904761904763,0.20476190476190476,0.5476190476190477
cef0e1d4-3bd5-4a9c-bcf5-7574ba592610,COC(=O)CNC(c1ccccc1Cl)c1cc(Br)ccc1NC(=O)CCN1CCOCC1,cyp2d6_veith,0,1,,False,23,0,25,253,0.15810276679841898,0.19367588932806323,0.6482213438735178
cff8b81c-602d-4836-8597-478536b40822,NNC(=O)CNc1cccc(Br)c1,cyp2d6_veith,0,0,,True,19,0,21,210,0.18571428571428572,0.24285714285714285,0.5714285714285714
d5fcb1cd-9539-4fe1-8bcb-741b50626522,CCOC(=O)[C@H](N)/C=C(\C)CP(=O)(O)O,cyp2d6_veith,1,0,,False,20,0,22,190,0.15789473684210525,0.22105263157894736,0.6210526315789474
d5fcd901-a8de-4a17-ad61-d65dc7b764c0,Cc1ccc(C(=O)C(OC(=O)CCC(=O)Nc2cccc(C)c2)c2ccccc2)cc1,cyp2d6_veith,1,0,,False,17,0,19,171,0.18128654970760233,0.2046783625730994,0.6140350877192983
dcf8ef12-e802-47c7-818d-a67fc6a808c7,CS(=O)(=O)Nc1cccc(-c2nc(Nc3ccncc3)c3ccccc3n2)c1,cyp2d6_veith,1,0,,False,17,0,19,136,0.16176470588235295,0.2647058823529412,0.5735294117647058
df3b7594-1f84-4496-97fb-96296167515e,COC(=O)C1=Nc2ccccc2/C1=C\c1c(O)n(-c2ccc(OC)cc2)c(=O)[nH]c1=O,cyp2d6_veith,1,0,,False,21,0,23,231,0.24242424242424243,0.19480519480519481,0.5627705627705628
df87955c-4e4f-4b07-a5e3-77462e338151,CCCCNc1ccc(C(=O)OCCOCCOCCOCCOCCOCCOCCOCCOCCOC)cc1,cyp2d6_veith,0,0,,True,20,0,22,210,0.10476190476190476,0.26666666666666666,0.6285714285714286
e120c549-440f-4d24-847e-21e88a1cb518,Cc1ccc(Oc2coc3cc(OC(=O)c4cccs4)ccc3c2=O)cc1,cyp2d6_veith,0,0,,True,26,0,28,351,0.2336182336182336,0.16524216524216523,0.6011396011396012
e28926a0-61d6-45e9-9fd3-0f525ef4854e,C[C@@H](NC(=O)/C(C#N)=C/c1ccc(O)c(O)c1)c1ccccc1,cyp2d6_veith,0,0,,True,28,0,30,378,0.06613756613756613,0.21428571428571427,0.7195767195767195
e4052ace-a081-40d6-bb04-fc71645a5514,FC(F)(F)c1ccccc1-c1nc(Nc2ccncc2)c2ccccc2n1,cyp2d6_veith,1,1,,True,19,0,21,171,0.11695906432748537,0.14035087719298245,0.7426900584795322
e4e2afa2-e41f-4c9a-a056-f15190ac4907,Clc1ccccc1OCCCCN1CCCC1,cyp2d6_veith,1,1,,True,22,0,24,253,0.13043478260869565,0.2845849802371542,0.5849802371541502
ef0b3065-9316-44cd-97a8-14e2f7533a30,O=C(O)C[C@H](S)C(=O)O,cyp2d6_veith,0,0,,True,15,0,17,136,0.17647058823529413,0.2647058823529412,0.5588235294117647
f34c35c9-105b-430a-95b9-1672b93b76ff,CSc1ccccc1NC(=O)CSCc1ccc(C)cc1,cyp2d6_veith,1,0,,False,16,0,18,136,0.16911764705882354,0.21323529411764705,0.6176470588235294
f4a75744-e7f0-4303-9085-a91694318698,CN(C)CCCc1c2ccccc2nc2ccc(Cl)cc12.O=P(O)(O)O,cyp2d6_veith,1,1,,True,24,0,26,300,0.13,0.22333333333333333,0.6466666666666666
f90c87ed-16b9-4f8b-9149-bc6aef7b2b39,OCCN1CCN(CCCN2c3ccccc3Sc3ccc(Cl)cc32)CC1,cyp2d6_veith,1,1,,True,22,0,24,253,0.1857707509881423,0.2885375494071146,0.525691699604743
fb184133-4524-42c2-850b-7dfd58e3deac,Cc1cccc(C)c1OC[C@@H](N)C(C)C,cyp2d6_veith,1,0,,False,19,0,21,190,0.1368421052631579,0.3,0.5631578947368421
fb845041-29e7-483a-ae81-b068fb63ea5e,Cc1ncc([N+](=O)[O-])n1CCO,cyp2d6_veith,0,0,,True,21,0,23,231,0.16883116883116883,0.2077922077922078,0.6233766233766234
fb8bdb49-2ae2-4d5e-a4e1-73d8b7a6b155,Cc1cn([C@@H]2C[C@H](N=[N+]=N)[C@H](CO)O2)c(=O)[nH]c1=O,cyp2d6_veith,0,0,,True,19,0,21,190,0.1631578947368421,0.24210526315789474,0.5947368421052631
fe83bed6-2b2e-4ed9-806c-3573b0180246,Cc1ccc(S(=O)(=O)/C=C\C#N)cc1,cyp2d6_veith,1,0,,False,20,0,22,210,0.13333333333333333,0.23333333333333334,0.6333333333333333
feb0ffac-dadb-463e-a5dd-1623c3fc8a73,O=c1ccn([C@@H]2O[C@@H](COP(=O)([O-])OP(=O)([O-])O)[C@H](O)[C@@H]2O)c(=O)[nH]1.[Na+].[Na+],cyp2d6_veith,0,0,,True,19,0,21,190,0.12631578947368421,0.30526315789473685,0.5684210526315789
008b6379-03a0-4d9e-91e5-035e29a2fad6,Cc1cccc(CNc2ncncc2-c2cccc(C#N)c2)c1,cyp3a4_veith,1,1,,True,21,0,23,231,0.1774891774891775,0.22510822510822512,0.5974025974025974
00fef3ce-bf4f-439d-b0f5-b98e410098c9,C[C@H]1/C=C\CC(=O)OC[C@H](C)C(=O)N2CCC[C@@H]2C(=O)OC1,cyp3a4_veith,0,0,,True,19,0,21,210,0.17142857142857143,0.1619047619047619,0.6666666666666666
07078da2-40b2-4414-be6e-024ff73d273b,Cc1ccc2nc(Nc3nc(-c4ccccc4)cc(=O)[nH]3)nc(C)c2c1,cyp3a4_veith,1,1,,True,22,0,24,253,0.25691699604743085,0.21739130434782608,0.525691699604743
073da010-7331-4dad-a040-9783ea7b9125,O=C(CCCCC(=O)Nc1c(I)cc(I)c(C(=O)O)c1I)Nc1c(I)cc(I)c(C(=O)O)c1I,cyp3a4_veith,0,0,,True,20,0,22,210,0.1523809523809524,0.26666666666666666,0.580952380952381
08e58a2b-3f73-4b9c-9f0c-1c31e95c4b3c,Cc1ccc(CNC(=O)[C@H](C)[C@H]2C[C@]2(C)[C@H](NC(=O)OCc2ccccc2)c2ccccc2)o1,cyp3a4_veith,1,1,,True,21,0,23,231,0.1471861471861472,0.22077922077922077,0.6320346320346321
09efd370-989b-445d-9be9-2498b2e16ba4,O=S(=O)(N/N=C/c1ccc2c(c1)OCCO2)c1ccc(Cl)cc1,cyp3a4_veith,1,0,,False,19,0,21,171,0.14619883040935672,0.2573099415204678,0.5964912280701754
0ae8de5f-c5e4-4f28-960c-bfdae9895365,CCCCn1c(SC(C)C(N)=O)nc2cc(C(=O)OC)ccc2c1=O,cyp3a4_veith,0,0,,True,19,0,22,210,0.17142857142857143,0.24285714285714285,0.5857142857142857
0b286bb2-9535-47e9-9146-4876a11f1895,CCC/C=C(\CCC)C(NC(=O)c1ccc(C(F)(F)F)cc1)c1ccccc1,cyp3a4_veith,1,1,,True,22,0,24,253,0.16600790513833993,0.2648221343873518,0.5691699604743083
0ce5c1e3-05a1-46c5-8f10-595051754781,Cc1ccc(S(=O)(=O)NCC(=O)N(CC(=O)NCc2ccco2)Cc2cccs2)cc1,cyp3a4_veith,1,1,,True,23,0,25,276,0.11231884057971014,0.2717391304347826,0.6159420289855072
10bebd08-1479-4e49-b7e0-f9f1f3ee90d3,O=C(O)C1C2C=CC(O2)C1C(=O)NC1CCCc2ccccc21,cyp3a4_veith,0,0,,True,23,0,25,210,0.18571428571428572,0.15714285714285714,0.6571428571428571
1367e776-6a12-4bb9-b9f2-3e1d6b6f3710,COc1ccc(/C=C/C(=O)c2ccoc2)cc1,cyp3a4_veith,0,0,,True,19,0,21,190,0.22631578947368422,0.21578947368421053,0.5578947368421052
141d4107-990b-41b5-b271-9c20c2bad74d,CCc1noc(C)c1C(=O)Nc1nc(-c2cc(C)ccc2C)c(C)s1,cyp3a4_veith,1,0,,False,18,0,20,171,0.16374269005847952,0.24561403508771928,0.5906432748538012
14c718ee-72ee-41eb-84ef-be16f869ab94,CC(=O)c1cc(NC(=O)c2ccccc2)c(=O)oc1/C=C/N(C)C,cyp3a4_veith,1,0,,False,22,0,24,276,0.15217391304347827,0.18478260869565216,0.6630434782608695
1f2d5001-47b1-412d-9839-5c2bab2d6ee8,O=C(Oc1ccccc1)N1CCC[C@@]2(CCN(c3ccccn3)C2)C1,cyp3a4_veith,1,1,,True,22,0,24,253,0.11462450592885376,0.2015810276679842,0.6837944664031621
21008cd5-b701-41ba-a275-feccdc49da4d,O=C1O[C@@H]([C@@H](O)CO)[C@@H](O)[C@H]1O,cyp3a4_veith,0,0,,True,19,0,21,190,0.15789473684210525,0.14210526315789473,0.7
2543ae5c-1f5b-4bd2-8947-3692bac36084,O=C(CCn1nc(-c2ccc(Cl)cc2)ccc1=O)NCc1ccccn1,cyp3a4_veith,1,0,,False,21,0,23,231,0.18614718614718614,0.13852813852813853,0.6753246753246753
25d7ec6c-4a00-4c39-b238-4f584f0367f1,COc1ccccc1CNc1ncncc1-c1cccc(NS(C)(=O)=O)c1,cyp3a4_veith,1,1,,True,20,0,22,231,0.14285714285714285,0.20346320346320346,0.6536796536796536
26593131-c76e-464c-af49-69c9dd712c25,Cc1cc(NC(=O)c2ccccc2Cl)no1,cyp3a4_veith,0,0,,True,19,0,21,190,0.15263157894736842,0.25263157894736843,0.5947368421052631
2705c364-a281-4da0-b851-9f49d131c583,C/C(CCN1CCCCc2nc(C)c(C)cc21)=N\O[C@@H](C)CN1CCCCc2nc(C)c(C)cc21,cyp3a4_veith,1,0,,False,19,0,21,190,0.11052631578947368,0.2631578947368421,0.6263157894736842
2753eb57-e2dc-405b-9d8a-91e87699f187,O=C(c1cccc(F)c1)N1CCC[C@@]2(CCN(C(c3ccccc3)c3ccccc3)C2)C1,cyp3a4_veith,1,1,,True,17,0,19,171,0.17543859649122806,0.21052631578947367,0.6140350877192983
348b7b92-0c38-4390-89c2-eb1ca0846be9,FC(F)(F)c1ccccc1-c1nccc(NCCN2CCOCC2)n1,cyp3a4_veith,1,1,,True,21,0,23,231,0.15151515151515152,0.2727272727272727,0.5757575757575758
35587dd6-e3ed-4d4c-b996-4216d0a3d374,COc1cccc(C2CC(=O)C=C(NCCCN(C)C)C2)c1,cyp3a4_veith,0,0,,True,21,0,23,231,0.22077922077922077,0.18614718614718614,0.5930735930735931
3b40210e-bf57-4189-9168-f62fc50eb610,Cc1ccc(NC(=O)CCC(=O)NNC(=O)c2cccs2)c(C)c1,cyp3a4_veith,0,0,,True,26,0,28,351,0.20797720797720798,0.21082621082621084,0.5811965811965812
3d2d2675-388e-48e6-96d4-a6133818bc9b,O=c1ccc(NS(=O)(=O)c2ccccc2)cn1Cc1ccc(Cl)c(Cl)c1,cyp3a4_veith,1,1,,True,24,0,26,276,0.15217391304347827,0.23550724637681159,0.6123188405797102
3e81c65d-f6c4-4d73-97bd-e27783edcd49,CN(C)c1ccc(-c2cc(NCc3cccnc3)ncn2)cc1,cyp3a4_veith,1,1,,True,21,0,23,231,0.19913419913419914,0.21212121212121213,0.5887445887445888
40a4a747-b4f2-43e0-b4fd-d5acbbb13c56,CCCc1cc(=O)oc2cc(OCc3nn[nH]n3)ccc12,cyp3a4_veith,0,0,,True,26,0,28,351,0.17094017094017094,0.18233618233618235,0.6467236467236467
41a4787c-b13a-4320-8b7b-5253b466dc66,CCc1cc2c(=O)n(-c3ccccc3)c(=S)[nH]c2s1,cyp3a4_veith,0,0,,True,21,0,23,210,0.19523809523809524,0.21428571428571427,0.5904761904761905
4ab3d9ae-c3b1-421e-8103-a37285af6132,COCCn1c(=O)c(-c2cc(F)cc(F)c2)nc2cnc(OCc3ccccc3)nc21,cyp3a4_veith,1,1,,True,20,0,22,210,0.16666666666666666,0.24761904761904763,0.5857142857142857
4aef672b-d835-43cf-9c0e-0f9353508e0c,Cc1cccc(OCC(=O)N/N=C\C=C\c2ccc3c(c2)OCO3)c1C,cyp3a4_veith,1,1,,True,17,0,19,171,0.15789473684210525,0.27485380116959063,0.5672514619883041
4b31ebbc-cc72-4564-ad38-7178915f960b,CCCc1cc2c(cc1NC(=O)c1ccc(Br)cc1)OCO2,cyp3a4_veith,1,1,,True,21,0,23,253,0.13043478260869565,0.20553359683794467,0.6640316205533597
4b67e169-f4c7-421d-ad2d-67e9fb6df334,Cc1ccc(C(=O)N(CN2CCCC2=O)c2ccccc2)cc1C,cyp3a4_veith,1,1,,True,17,0,19,153,0.20915032679738563,0.30718954248366015,0.48366013071895425
4f145c64-12c2-4ea7-9610-43d6822344ba,Cc1cccc(NCCNc2cccc(C)c2)c1,cyp3a4_veith,1,0,,False,20,0,22,210,0.1761904761904762,0.1523809523809524,0.6714285714285714
5045433a-ab9f-41ce-a22c-b9398bf4987a,Cc1ccc(C(CC(N)=O)c2ccco2)cc1,cyp3a4_veith,0,0,,True,20,0,22,231,0.23809523809523808,0.1645021645021645,0.5974025974025974
50d59af9-8589-4855-b45b-e9e136da2679,O=C(CSc1nc2ccccc2c(=O)n1CCCN1CCCCC1)NCc1ccccc1,cyp3a4_veith,1,1,,True,23,0,25,231,0.1471861471861472,0.23376623376623376,0.6190476190476191
53d88c9b-3700-4102-a902-28f1b164558c,Cc1cc(N2CCOCC2)ccc1/C=C1\SC(=O)N(C(C)C)C1=O,cyp3a4_veith,0,0,,True,21,0,23,231,0.12121212121212122,0.2683982683982684,0.6103896103896104
57d555f7-4eca-413a-b50c-e726fe024ed7,COc1cccc(NC(=O)COC(=O)c2nc3nccc(C)n3n2)c1,cyp3a4_veith,0,1,,False,28,0,31,406,0.16502463054187191,0.2832512315270936,0.5517241379310345
5894782a-49e6-4e1c-99c7-368ca9976219,C[C@@](Cc1ccccc1)(NC(=O)CN)c1ccccc1,cyp3a4_veith,1,1,,True,17,0,19,153,0.1895424836601307,0.24836601307189543,0.5620915032679739
5abd2cfb-8d78-4759-b478-2b8c5fb973a4,Cc1cccc(N2CCN(c3ccc(NC(=O)/C=C(/C(=O)O)c4ccccc4)cc3)CC2)c1,cyp3a4_veith,0,0,,True,20,0,22,210,0.1619047619047619,0.22380952380952382,0.6142857142857143
5af61cc8-0bb9-4055-bf19-e72ef98d45fc,COc1ccc(NC(=O)c2ccccc2NC(=O)CSc2ccc(C)cc2)cc1,cyp3a4_veith,1,1,,True,23,0,26,276,0.18115942028985507,0.21014492753623187,0.6086956521739131
610b95e0-1c3d-4c7f-9753-9565ccb9a0e1,Cc1cccc(C(=O)Nc2nnc(-c3ccc(C(C)(C)C)cc3)s2)c1,cyp3a4_veith,0,0,,True,22,0,24,276,0.11594202898550725,0.22826086956521738,0.6557971014492754
6832b8a1-a5fe-41df-bd0e-97e4e6e29cb1,O=S(=O)(O)[C@@H](c1ccccc1)[C@@H](O)c1ccccc1,cyp3a4_veith,0,0,,True,17,0,20,171,0.1695906432748538,0.1695906432748538,0.6608187134502924
6d6c30ea-5ff2-4f0b-90c9-ff3fc4dd0022,Nc1ncnc2c1ncn2[C@@H]1O[C@@H]2COP(=O)(O)O[C@H]2[C@@H]1O,cyp3a4_veith,0,0,,True,20,0,22,210,0.18571428571428572,0.20952380952380953,0.6047619047619047
707dc560-edf0-4d5e-8598-47c732c9b100,CCOC(=O)C1CCN(C(=O)C2CCN(c3nc4ccc(OC)cc4s3)CC2)CC1,cyp3a4_veith,0,0,,True,20,0,22,210,0.2761904761904762,0.22857142857142856,0.49523809523809526
72a7921f-f6b4-42a9-bc88-ae7d81fab3d5,CCCC[C@@H]1C[C@H]1C(NC(=O)c1cccs1)c1ccc(Cl)cc1,cyp3a4_veith,1,1,,True,20,0,22,210,0.1761904761904762,0.2857142857142857,0.5380952380952381
7583bbb7-87c6-4d8f-8568-1070ce9122a2,Cc1oc(-c2ccccc2)cc1C(=O)Nc1ccc2ccccc2c1,cyp3a4_veith,0,1,,False,24,0,26,300,0.24,0.24333333333333335,0.5166666666666667
787a9052-4de6-4498-b93b-695d403f2779,Cc1cc(Cl)ccc1OCC(=O)N/N=C1\CCCc2ccccc21,cyp3a4_veith,1,1,,True,20,0,23,231,0.11255411255411256,0.24242424242424243,0.645021645021645
7956e5c9-f859-4af0-b698-29b62f95ef8b,O=C(CSc1nnc(-c2ccco2)n1-c1ccccc1)NCc1ccco1,cyp3a4_veith,1,1,,True,18,0,20,171,0.32748538011695905,0.25146198830409355,0.42105263157894735
7b521843-6dd6-4840-918e-5c867679448a,Cc1cc(C(=O)CSc2nnc(-c3ccc(Cl)cc3)n2C)c(C)n1CC1CCCO1,cyp3a4_veith,1,1,,True,20,0,22,210,0.08571428571428572,0.20476190476190476,0.7095238095238096
7becdd16-a274-42d6-89d0-f8117bcf8354,Cc1ccc(S(=O)(=O)NC(CC(C)C)C(=O)Oc2ccc3c4c(c(=O)oc3c2)CCC4)cc1,cyp3a4_veith,1,0,,False,18,0,20,171,0.0935672514619883,0.21052631578947367,0.695906432748538
7d27ccfd-57a6-477d-87bf-db15960dd788,CCC(C)N1C(=O)C2C(C(=O)Nc3cccc(OC)c3)C3C=CC2(O3)C1C(=O)NC1CCCCC1C,cyp3a4_veith,1,1,,True,23,0,25,231,0.24242424242424243,0.21212121212121213,0.5454545454545454
7dad00cc-7022-486f-9195-d414bf1ce27f,CCN(CC)CCc1nc(-c2ccccc2)no1.O=C(O)CC(O)(CC(=O)O)C(=O)O,cyp3a4_veith,0,0,,True,20,0,22,210,0.19047619047619047,0.19523809523809524,0.6142857142857143
7e686d2b-aacb-4b2a-9a48-afc3a9091705,CC(=O)N1CCC2(CC1)CN(c1ccccc1)C2,cyp3a4_veith,0,0,,True,20,0,22,210,0.2523809523809524,0.23333333333333334,0.5142857142857142
80824d6f-f51e-4ed5-bf36-c9461bf819fc,CC(C)Nc1cc(C(F)(F)F)nc(-c2ccccn2)n1,cyp3a4_veith,0,0,,True,19,0,21,190,0.17894736842105263,0.2578947368421053,0.5631578947368421
809a9a8e-64d8-4ac8-88dd-5a7ac796e910,CNc1cc(CSC)nc(SCc2ccc(Cl)c(Cl)c2)n1,cyp3a4_veith,1,0,,False,19,0,21,190,0.14210526315789473,0.25263157894736843,0.6052631578947368
80c3ef59-72a5-4a8e-b79b-d5f0041c386f,CCOc1ccc(NCc2nnc(SCc3ccccc3Cl)n2-c2ccccc2)cc1,cyp3a4_veith,1,1,,True,21,0,23,231,0.1471861471861472,0.19913419913419914,0.6536796536796536
815f4112-e9ac-4a85-8213-8945957d576c,COc1ccccc1CN(Cc1cc2cc(C)cc(C)c2[nH]c1=O)Cc1nnnn1CC1CCCO1,cyp3a4_veith,1,1,,True,21,0,23,231,0.16883116883116883,0.22077922077922077,0.6103896103896104
8427308b-6347-475f-bd03-5c9e2c3ac71d,CCc1cc2c(=O)n(CCO)c(CC)nc2s1,cyp3a4_veith,0,0,,True,21,0,23,231,0.15584415584415584,0.1471861471861472,0.696969696969697
85d5af66-9cb7-41f0-9f2b-adbbc5a2e26d,COC(=O)[C@@]1(Cc2ccccc2)[C@H]2c3cc(C(=O)N4CCCC4)n(Cc4ccc(S(C)(=O)=O)cc4)c3C[C@H]2CN1C(=O)c1ccccc1,cyp3a4_veith,1,1,,True,26,0,28,351,0.1168091168091168,0.18518518518518517,0.698005698005698
8672107f-7c98-42a9-b676-7244f44c28e7,C=C[C@H]1CN2CC[C@@H]1C[C@H]2[C@@H](O)c1ccnc2ccc(OC)cc12.Cl.O,cyp3a4_veith,0,0,,True,23,0,25,253,0.11857707509881422,0.31225296442687744,0.5691699604743083
87955bfe-ac7b-490f-b45b-90269f7cdbef,Cc1noc(C)c1-c1cc(NCCN2CCOCC2)ncn1,cyp3a4_veith,0,0,,True,20,0,22,210,0.18095238095238095,0.16666666666666666,0.6523809523809524
898da1df-39a0-4c16-afe1-b769fbc6c4cf,O=C(CCc1ccc(O)cc1)c1c(O)cc(O)cc1O,cyp3a4_veith,1,1,,True,24,0,26,300,0.14333333333333334,0.2866666666666667,0.57
8a031b31-0f29-4f79-91fd-794896ce9935,COc1ccc(CCNC(=O)CCN2C(=O)C(C)Oc3ccc(C)cc32)cc1OC,cyp3a4_veith,1,1,,True,23,0,26,300,0.15666666666666668,0.23333333333333334,0.61
8d163ec3-ea8c-41ab-b1d8-d77d32b6620b,O=C(O)c1cc(N=Nc2ccc(S(=O)(=O)Nc3ccccn3)cc2)ccc1O,cyp3a4_veith,0,0,,True,24,0,26,253,0.16600790513833993,0.1541501976284585,0.6798418972332015
8fffd7b3-664a-4509-b90d-519ce8a1e616,CCCCN(C)CCCNC(=O)CS(=O)Cc1nc(-c2ccc(OC)c(OC)c2)oc1C,cyp3a4_veith,1,1,,True,19,0,21,190,0.17894736842105263,0.29473684210526313,0.5263157894736842
91019839-af9e-4654-8246-53264a6ae326,O=C1O/C(=C\Br)CC[C@@H]1c1cccc2ccccc12,cyp3a4_veith,1,1,,True,18,0,20,171,0.11695906432748537,0.27485380116959063,0.6081871345029239
93a2aa1f-ef7f-4bf3-aa73-cf88b9e2e7e9,O=c1c(CCc2ccccc2)nc2cnc(N3CCOCC3)nc2n1CCc1ccccc1,cyp3a4_veith,0,0,,True,19,0,21,190,0.1,0.21578947368421053,0.6842105263157895
97b79d80-0b0f-4d09-b7a6-cd1c91a038b2,CN(C)CCCN1c2ccccc2Sc2cnccc21,cyp3a4_veith,1,0,,False,20,0,22,210,0.16666666666666666,0.2619047619047619,0.5714285714285714
9bec65ef-6f43-44e9-8aa3-de821177409b,O=C(NC(=S)N(Cc1ccccc1)Cc1ccccc1)c1ccccc1F,cyp3a4_veith,1,1,,True,29,0,31,435,0.09195402298850575,0.1310344827586207,0.7770114942528735
a442d3e1-cc49-4b5a-aa70-4d0e741c934e,CCCNC(=O)c1cc2c(C(F)(F)F)nn(C)c2s1,cyp3a4_veith,0,0,,True,21,0,23,231,0.1774891774891775,0.24242424242424243,0.5800865800865801
acedf37f-6085-42fb-9fb8-56e6cad3eb80,O=c1ccc(/C=C/c2ccccc2)n[nH]1,cyp3a4_veith,0,0,,True,21,0,23,231,0.19047619047619047,0.2727272727272727,0.5367965367965368
ae7d311e-8e0b-4fc2-b334-2dcf3b2ebe66,CC(=O)N(CC(O)CN(C(C)=O)c1c(I)c(C(=O)NC[C@@H](O)CO)c(I)c(C(=O)NC[C@@H](O)CO)c1I)c1c(I)c(C(=O)NC[C@@H](O)CO)c(I)c(C(=O)NC[C@@H](O)CO)c1I,cyp3a4_veith,0,0,,True,20,0,22,210,0.1619047619047619,0.24285714285714285,0.5952380952380952
aeb7c885-2aee-440e-b53c-c0b46a40d858,CC(NCc1ccc(Cl)cc1)C(O)c1ccccc1.Cl,cyp3a4_veith,0,0,,True,20,0,22,210,0.18571428571428572,0.23333333333333334,0.580952380952381
b2f12286-13c6-4710-be0d-790de1890cb7,NCc1ccccc1.O=C(O)NCc1ccccc1,cyp3a4_veith,0,0,,True,21,0,23,231,0.22077922077922077,0.21212121212121213,0.5670995670995671
b6d5cdf4-cc55-413f-83b8-e8878caf040f,COc1ccc(C(=O)N2CCC3(CCCN(C(=O)Nc4cccc(C#N)c4)C3)CC2)cc1,cyp3a4_veith,1,1,,True,20,0,22,190,0.19473684210526315,0.20526315789473684,0.6
b8c00678-e981-4f22-8adc-4bf6aa368a56,CCCNC(=O)OC[C@@H]1O[C@H](CCO/N=C\[C@@H](OC)[C@H](C)/C=C\CC(=O)OC)C=C[C@@H]1Oc1ccc(OC)cc1,cyp3a4_veith,1,1,,True,24,0,26,300,0.15666666666666668,0.2733333333333333,0.57
bb8de073-de05-414d-a595-4a6b91b01dbb,CCOc1nc(N=C(N)N)nc2c(C)cccc12,cyp3a4_veith,0,0,,True,19,0,21,190,0.1631578947368421,0.23684210526315788,0.6
c393be6c-19a8-48e0-8796-2a460b7b5711,CCCCCCCCCCCC1=C(O)C(=O)C=C(O)C1=O,cyp3a4_veith,0,0,,True,20,0,22,210,0.24285714285714285,0.21904761904761905,0.5380952380952381
c4a8479a-164d-49fa-bddc-451475048315,c1ncc(CC2CCNCC2)[nH]1,cyp3a4_veith,0,0,,True,18,0,20,190,0.21578947368421053,0.22105263157894736,0.5631578947368421
c82173e9-9573-4df0-abb2-bb0957e03fed,COc1ccc(-c2cc(-c3cc(F)ccc3O)[nH]n2)cc1OC,cyp3a4_veith,1,1,,True,23,0,25,300,0.21,0.18,0.61
d060d4b0-d7ef-4ba0-ab95-a6509b623d8d,COc1ccccc1NC(=O)Cn1cncc1-c1ccc([N+](=O)[O-])cc1,cyp3a4_veith,1,1,,True,21,0,23,231,0.14285714285714285,0.22943722943722944,0.6277056277056277
d77de29c-a1d0-4763-b2e4-ff0966ccce20,O=C(Nc1cccnc1)c1ccc(COc2cc(Cl)ccc2Cl)o1,cyp3a4_veith,1,1,,True,22,0,24,276,0.17028985507246377,0.2318840579710145,0.5978260869565217
df5d80b0-69ee-4854-8bec-f14065982c15,COc1ccc2c(c1)C(c1ccc([N+](=O)[O-])cc1)=NNC(c1ccco1)=N2,cyp3a4_veith,1,1,,True,26,0,28,351,0.10541310541310542,0.2022792022792023,0.6923076923076923
dfed089e-23f1-41f9-97f4-737e4f76ae65,Cc1ccc(-n2c(C)nnc2SCC(=O)N2CCc3ccccc3C2)cc1C,cyp3a4_veith,1,1,,True,23,0,25,276,0.13768115942028986,0.17391304347826086,0.6884057971014492
e01c3d69-8984-44e3-b731-9767537a90b4,COc1ccccc1CN1CCC2(CC1)CCN(S(C)(=O)=O)CC2,cyp3a4_veith,0,0,,True,23,0,25,276,0.18478260869565216,0.213768115942029,0.6014492753623188
e133d5a2-441c-4667-aaa3-1e8eb6e31c43,Cc1[nH]ccc2c1[nH]c1cc(=O)ccc12.Cl.O,cyp3a4_veith,0,0,,True,18,0,20,171,0.2222222222222222,0.23391812865497075,0.543859649122807
e30749b3-e29d-4457-b913-1fa3b4530cdb,O=c1c(-c2ccccc2)nc2cncnc2n1C1CC1,cyp3a4_veith,0,1,,False,20,0,22,210,0.18571428571428572,0.12857142857142856,0.6857142857142857
e8f7c6d3-4052-4a46-8d3a-3482cee5186a,O=C(O)c1cc(-c2ccc(-c3ccccc3)cc2)nc2cc3ccccc3cc12,cyp3a4_veith,0,0,,True,21,0,23,210,0.11428571428571428,0.2523809523809524,0.6333333333333333
e9de393b-8c3b-435a-b0d0-5ce340334645,O=C(O)c1ccc(/C=N\N=C2c3ccccc3-c3ccccc32)cc1,cyp3a4_veith,0,0,,True,18,0,20,171,0.15789473684210525,0.24561403508771928,0.5964912280701754
ea2ba29d-1550-4fbf-8d09-8761443b6bdf,Cc1ccc(CNC(=O)CCNS(=O)(=O)c2ccc3c(c2)c(=O)n(C)c(=O)n3C)cc1,cyp3a4_veith,1,1,,True,21,0,23,231,0.12554112554112554,0.35064935064935066,0.5238095238095238
eb799368-0af1-49e4-86b0-3d57ae8bd862,NC(=O)C1(NC(=O)[C@@H]2CC3(CC(c4cccc(NC(=O)[C@@H]5CCC(=O)N5)c4)=NO3)CN2C(=O)Cc2ccc(Cl)cc2)CC1,cyp3a4_veith,1,1,,True,23,0,25,300,0.21666666666666667,0.18,0.6033333333333334
eb80317e-31bb-4f23-a692-3cdcd71130b9,CCOC(=O)c1c(C)oc2c1c(C=NC1CCS(=O)(=O)C1)c(O)c1ccccc12,cyp3a4_veith,0,1,,False,22,0,24,253,0.11857707509881422,0.233201581027668,0.6482213438735178
ee1d1d8c-4b5f-4bae-8009-28b204eee0a8,O=C1c2ccccc2C(=O)N1C1(C(=O)NC2(C(=O)O)CCCC2)CCCC1,cyp3a4_veith,0,0,,True,21,0,23,210,0.17142857142857143,0.1523809523809524,0.6761904761904762
f06e3be0-0702-4384-9f09-892d42b5acff,CN(C)CCCN1CC(C(=O)O)CC1=O,cyp3a4_veith,0,0,,True,19,0,21,153,0.2549019607843137,0.1437908496732026,0.6013071895424836
f0ffe233-fdb1-4659-8c91-0e36b26e0f0c,C=C1[C@H](O)[C@]23CC[C@@H]4[C@H](C(=O)O)C[C@H](O[C@@H]5O[C@H](CO)[C@H](OS(=O)(=O)[O-])[C@@H](OS(=O)(=O)[O-])[C@@H]5OC(=O)CC(C)C)C[C@]4(C)[C@@H]2CC[C@@H]1C3.[K+].[K+],cyp3a4_veith,0,0,,True,20,0,22,210,0.12857142857142856,0.2857142857142857,0.5857142857142857
f5981c10-5659-4b5e-8e4c-b26234102597,CC(C)c1cc(Nc2cccc(O)c2)cc(C(C)C)c1O,cyp3a4_veith,1,0,,False,19,0,21,190,0.1736842105263158,0.2578947368421053,0.5684210526315789
fa78efbe-14aa-4b92-9143-ad7b5a827608,Cn1c(=O)n(-c2cccc(Cl)c2)c(=O)c2c3c(sc21)COC(C)(C)C3,cyp3a4_veith,0,0,,True,18,0,21,210,0.18095238095238095,0.18095238095238095,0.638095238095238
fafcc18d-92e9-4439-b667-58b474b2dc0c,COc1cc(Cl)c(C)cc1NC(=O)CNC(=O)Cn1cnc2ccccc2c1=O,cyp3a4_veith,0,1,,False,25,0,27,325,0.10461538461538461,0.28,0.6153846153846154
fc47a65b-227a-45a7-8880-bc651986f2c0,O=c1ccc2[nH]cc(C3=CCNCC3)c2[nH]1,cyp3a4_veith,0,0,,True,19,0,21,190,0.28421052631578947,0.15789473684210525,0.5578947368421052
ff82b369-cd8b-410d-af46-0e890e9271bd,Cn1nnnc1SCC(=O)Nc1ccccc1[N+](=O)[O-],cyp3a4_veith,0,0,,True,19,0,21,190,0.1736842105263158,0.18947368421052632,0.6368421052631579
0443c726-caf6-4276-ba66-4d304b03e7f9,CN1CCc2cccc3c2[C@H]1Cc1ccc(O)c(O)c1-3,herg,1,0,,False,19,0,21,190,0.14736842105263157,0.16842105263157894,0.6842105263157895
06c67628-8ffc-4ba3-a939-56530bc111cd,CC(=O)Nc1ccc(CN2CCC(NC(=O)c3cc(=O)c4ccc(F)cc4o3)CC2)cc1,herg,0,1,,False,21,0,23,231,0.12987012987012986,0.23809523809523808,0.6320346320346321
09219d16-40a6-4306-8430-cfa56c0e8241,CC(C)N(CC[C@@](C(N)=O)(c1ccccc1)c1ccccn1)C(C)C,herg,1,1,,True,25,0,27,325,0.09230769230769231,0.21846153846153846,0.6892307692307692
12e2119d-ed77-4d6e-b8e6-4fd8106a2ddb,C[NH+]1CCc2cc3c(cc2C(=O)Cc2ccc4c(c2C1)OCO4)OCO3,herg,0,1,,False,24,0,26,300,0.18333333333333332,0.15333333333333332,0.6633333333333333
1732a501-1b97-4885-8769-ce9abc702a04,Nc1nc(N)nc(CCCCc2nc(N)nc(N)n2)n1,herg,0,0,,True,22,0,24,253,0.16205533596837945,0.19367588932806323,0.6442687747035574
17a78450-376e-4dba-bb83-c88df20ccd3d,CC(C)Oc1cc([C@@H](C2=CCC(=O)N=C2)C2=CN[C@@H](C(C)(C)O)C=C2)ccc1OC(F)F,herg,0,0,,True,25,0,27,325,0.16615384615384615,0.18461538461538463,0.6492307692307693
1bee3f50-bf6b-4034-9680-004a78c8f4d5,C[NH+]1CCC[C@@H]1CCO[C@](C)(c1ccccc1)c1ccc(Cl)cc1,herg,1,1,,True,24,0,26,300,0.11333333333333333,0.16666666666666666,0.72
1c83c085-9e72-4b50-b08c-5445657cb6db,COc1ccc(CCNCCCNC(=O)c2ccc([N+](=O)[O-])cc2)cc1OC,herg,1,1,,True,26,0,28,351,0.1339031339031339,0.18803418803418803,0.6780626780626781
1de60e74-b7e4-4866-88cb-916fb37fe283,CC(C)[NH+](CC[C@](C(N)=O)(c1ccccc1)c1ccccn1)C(C)C,herg,0,1,,False,26,0,28,351,0.11396011396011396,0.21367521367521367,0.6723646723646723
1df52a3e-520e-480f-8837-6b6c0295dd6c,Clc1ccc2c(c1)N=C(N1CCNCC1)c1ccccc1N2,herg,1,1,,True,22,0,24,253,0.15019762845849802,0.14624505928853754,0.7035573122529645
21438a41-e427-47e0-ba99-eece5b450c0b,Cc1cnc(C(=O)NCCc2ccc(S(=O)([O-])=NC(=O)NC3CCCCC3)cc2)cn1,herg,0,0,,True,23,0,26,253,0.11067193675889328,0.2608695652173913,0.6284584980237155
21f57db5-0031-452a-ac0f-6726b008c5bd,N#Cc1ccc(Cn2cncc2C[NH2+][C@@H]2CCN(C(=O)c3cccc(Cl)c3)C2=O)cc1,herg,1,1,,True,27,0,29,378,0.10317460317460317,0.2275132275132275,0.6693121693121693
24abaa55-483c-459d-be8a-6e4a696e758d,CC(C)(C)[C@@H](NC(=O)OCCO)C(=O)N1CC(c2cc(F)ccc2F)=C[C@@H]1c1ccccc1,herg,1,0,,False,25,0,27,325,0.14461538461538462,0.1076923076923077,0.7476923076923077
2b0c9172-d523-435b-9436-fb72394850cc,Nc1nc2ccc(OC(F)(F)F)cc2s1,herg,0,0,,True,20,0,22,231,0.19047619047619047,0.1341991341991342,0.6753246753246753
2ce6598c-3da2-4168-8312-24dd70f92f02,CN(CCOc1ccc(CC2SC(=O)NC2=O)cc1)c1ccccn1,herg,0,1,,False,28,0,30,406,0.07389162561576355,0.22413793103448276,0.7019704433497537
3272388f-4880-427f-a8e5-3e57cd23b4c2,COc1ccc2cc3[n+](cc2c1OC)CCc1cc2c(cc1-3)OCO2,herg,0,1,,False,21,0,23,231,0.21645021645021645,0.12554112554112554,0.658008658008658
3296ed60-384a-4361-bb66-3fc8a2d8aace,CC(C)(C)[C@H](O)C(=O)N1CC(c2cc(F)ccc2F)=C[C@H]1c1cccc(O)c1,herg,1,0,,False,21,0,23,231,0.08658008658008658,0.18614718614718614,0.7272727272727273
3892ab24-0226-40ff-ba63-5f11846d9cd8,CO/N=C1\CN(c2nc3c(cc2F)C(=O)[C@H](C(=O)O)CN3C2CC2)CC12CNC2,herg,0,0,,True,24,0,26,300,0.07333333333333333,0.13666666666666666,0.79
3e23447e-e042-4a69-af33-73c137653ff8,COc1ccc2c(c1)c(CC(=O)[O-])c(C)n2C(=O)c1ccc(Cl)cc1,herg,0,0,,True,23,0,25,276,0.10869565217391304,0.18478260869565216,0.7065217391304348
3e34d497-99cc-43f9-a06a-8806a14a0f79,CC(C)(C)N1CCC(c2ccccc2)(c2ccccc2)CC1,herg,1,1,,True,24,0,26,300,0.09333333333333334,0.26666666666666666,0.64
3eea8193-9824-4f63-90a0-4e1c5a7983a2,CC(C)Oc1cc([C@H](C2=CN[C@@H](C(O)(C(F)(F)F)C(F)(F)F)S2)c2cc[n+]([O-])cc2)ccc1OC(F)F,herg,1,1,,True,25,0,27,351,0.09971509971509972,0.17094017094017094,0.7293447293447294
3f9bc270-7479-4e08-bec1-415510ced9a4,N[C@@H](CC(=O)N1CCn2c(nnc2C(F)(F)F)C1)Cc1cc(F)c(F)cc1F,herg,0,0,,True,19,0,21,190,0.13157894736842105,0.16842105263157894,0.7
3ffa50e4-aa36-4dc5-be52-78da37ffa13a,[NH3+]CC[C@@H](O)c1cc2c(Cl)cc(Cl)cc2c2cc(C(F)(F)F)ccc12,herg,1,1,,True,24,0,26,300,0.12333333333333334,0.16666666666666666,0.71
448287a6-d6e1-4ea4-9bb4-dacd53ee8b95,COC(=O)c1[nH]c2cc(F)ccc2c1[C@@H]1C[NH2+]CC[C@H]1F,herg,1,1,,True,23,0,25,253,0.11067193675889328,0.22134387351778656,0.6679841897233202
45ea7ef8-6c8c-4004-aec3-5a2e5a5df729,CCOc1ccccc1OCC[NH2+][C@H](C)Cc1ccc(OC)c(S(N)(=O)=O)c1,herg,0,1,,False,26,0,28,351,0.07692307692307693,0.22792022792022792,0.6951566951566952
46e995f3-8877-4628-aaf6-fef352cc9388,CC(C)(C)Oc1cc([C@H](C2=CN[C@H](C(C)(C)O)S2)c2cc[n+]([O-])cc2)ccc1OC(F)F,herg,0,0,,True,21,0,23,231,0.16017316017316016,0.1645021645021645,0.6753246753246753
4990ba1a-4ef2-4383-9d67-d0ea87b83f21,CCc1cn(-c2ccc(F)cc2)c2ccc(Cl)cc12,herg,1,1,,True,26,0,29,378,0.0873015873015873,0.17724867724867724,0.7354497354497355
49cd6d0a-582e-4faf-8a2f-ebf739430681,Fc1ccc(-c2[nH]c3cc(F)ccc3c2[C@H]2CCC[NH2+]C2)cc1,herg,1,1,,True,21,0,23,231,0.10822510822510822,0.15584415584415584,0.7359307359307359
4b782ef1-af01-41c4-bba9-4a59764c28d9,CC(=O)c1ccc(CN2CCC(NC(=O)c3cc(=O)c4ccc(F)cc4o3)CC2)cc1,herg,1,1,,True,21,0,23,231,0.10822510822510822,0.22943722943722944,0.6623376623376623
4ed33dba-b3d4-430b-8540-a9edbc399c86,O=C1N=c2ccccc2=[N+]1C1CC[NH+](CCCC(c2ccc(F)cc2)c2ccc(F)cc2)CC1,herg,1,1,,True,24,0,26,300,0.08,0.15,0.77
4ee1aeca-0e26-41f4-8413-59ba2030097b,COc1cc2nc(N3CCN(C(=O)c4ccco4)CC3)nc(N)c2cc1OC,herg,1,1,,True,26,0,28,351,0.08547008547008547,0.1908831908831909,0.7236467236467237
50faf372-efdd-4558-8a7d-e49bb2cddfa8,CC[C@H](O)c1cn(-c2ccc(F)cc2)c2ccc(Cl)cc12,herg,0,1,high,False,29,0,31,435,0.10574712643678161,0.21379310344827587,0.6804597701149425
5230a589-d314-44b1-af4d-b81022865362,CCn1cc(C(=O)[O-])c(=O)c2cc(F)c(N3CC[NH2+][C@H](C)C3)c(F)c21,herg,0,0,,True,24,0,26,300,0.13333333333333333,0.21,0.6566666666666666
555895f4-5dc8-42dd-8fbd-a3868542d6a7,C[NH+](C)CCC[C@]1(c2ccc(F)cc2)OCc2cc(C#N)ccc21,herg,1,1,,True,23,0,25,276,0.13043478260869565,0.15579710144927536,0.7137681159420289
5c0c1b84-3f72-4362-84ad-29eaa325699a,Cc1cccc(C)c1NC(=O)C[NH+]1CC[NH+](CCCC(c2ccc(F)cc2)c2ccc(F)cc2)CC1,herg,1,1,,True,24,0,26,276,0.14130434782608695,0.18840579710144928,0.6702898550724637
5e4b985a-c322-44da-a5d2-cf936672e1f5,O=c1cc[nH+]c(NCC2CCN(c3nc4ccccc4n3Cc3ccc(F)cc3)CC2)[nH]1,herg,1,1,,True,23,0,25,300,0.13666666666666666,0.17666666666666667,0.6866666666666666
6327d1c7-23dd-4e96-a895-e2e802229349,CCCCc1oc2ccc(NS(C)(=O)=O)cc2c1C(=O)c1ccc(OCCCN(CCCC)CCCC)cc1,herg,1,1,,True,24,0,26,300,0.06666666666666667,0.23666666666666666,0.6966666666666667
6354a009-0a30-46a9-b6f3-e77496031c24,CN/C(NCCSCc1[nH]cnc1C)=[NH+]\C#N,herg,0,0,,True,22,0,24,253,0.18972332015810275,0.09486166007905138,0.7154150197628458
653fb46d-d472-42f1-8436-7a460163944c,C[C@H](O)c1cn(-c2ccc(F)cc2)c2ccc(Cl)cc12,herg,0,0,,True,28,0,30,378,0.10846560846560846,0.21693121693121692,0.6746031746031746
6970fdab-63cd-448e-8f4e-e06ba95de9d2,C[NH+]1CCN(C2=Nc3ccccc3Nc3sc(CO)cc32)CC1,herg,1,1,,True,26,0,28,351,0.08547008547008547,0.1452991452991453,0.7692307692307693
6c8cd13f-0769-4c2a-9582-d58dd0187767,F[C@@H]1CC[NH2+]C[C@@H]1c1c(-c2ccccc2)[nH]c2ccccc12,herg,1,1,,True,23,0,25,276,0.12681159420289856,0.16304347826086957,0.7101449275362319
6df5ee07-16e9-4c26-9b24-3eac19104968,C[NH+](CCOc1ccc(NS(C)(=O)=O)cc1)CCc1ccc(NS(C)(=O)=O)cc1,herg,1,1,,True,27,0,29,378,0.10052910052910052,0.20634920634920634,0.6931216931216931
6fe5d482-fa90-401d-940c-6075653e9293,Cc1nc2c([nH]1)CCN(C(=O)c1ccc(NC(=O)c3ccccc3-c3ccccc3)cc1)c1ccccc1-2,herg,1,1,,True,26,0,28,351,0.13675213675213677,0.21082621082621084,0.6524216524216524
701dc332-d59c-4bdc-92b1-dd751be79ffb,CN(C)CC[C@@H](c1ccc(Cl)cc1)c1ccccn1,herg,1,1,,True,25,0,27,325,0.09846153846153846,0.15692307692307692,0.7446153846153846
730b0066-b886-4415-a06a-4ebf1fdac382,CCCc1cn(-c2ccc(F)cc2)c2ccc(Cl)cc12,herg,0,1,,False,25,0,27,325,0.1476923076923077,0.13846153846153847,0.7138461538461538
74ff8b4f-3659-4d11-900f-99e9c2055031,Cc1cccc(NC(=O)N[C@@H]2N=C(c3ccccc3)c3ccccc3N(C)C2=O)c1,herg,1,1,,True,28,0,30,406,0.09113300492610837,0.18719211822660098,0.7216748768472906
79d7877c-bc6a-4cf9-8f5e-155322ebe0ae,C[NH+](C)CCO[C@](C)(c1ccccc1)c1ccccn1,herg,0,1,,False,25,0,27,325,0.09230769230769231,0.18153846153846154,0.7261538461538461
88b1d130-5fd8-457b-aa03-efdef28ebb29,CC1=C2[C@@H]3OC(=O)[C@@H](C)[C@@H]3[C@H](O)C[C@]2(C)C=CC1=O,herg,0,0,,True,22,0,24,253,0.05138339920948617,0.2134387351778656,0.7351778656126482
8e789a20-745f-4ca3-85a5-ac19537df9cf,Nc1nc(N)nc(CCCc2nc(N)nc(N)n2)n1,herg,0,0,,True,21,0,23,231,0.0735930735930736,0.19913419913419914,0.7272727272727273
90994057-1ac0-447c-b81b-f7a1e168632a,CSc1ccc2c(c1)N(CC[C@H]1CCCC[NH+]1C)c1ccccc1S2,herg,1,1,,True,22,0,24,253,0.17391304347826086,0.19367588932806323,0.6324110671936759
9172183c-2855-4878-a8c5-db5c33b66168,COc1ccc(CC[NH2+]CCCC(C#N)(c2ccc(OC)c(OC)c2)C(C)C)cc1OC,herg,1,1,,True,25,0,27,325,0.11692307692307692,0.28615384615384615,0.5969230769230769
92d6041c-5b6d-40fe-a643-3f5722f5744c,Nc1[nH]c(SCC(=O)O)nc(=O)c1N,herg,0,0,,True,23,0,25,253,0.10276679841897234,0.1225296442687747,0.7747035573122529
9901073d-5bb7-4dec-a830-c882a812dc6b,CCN(CC)Cc1ccc2c(c1)CC[C@H](N1CCN(Cc3ccsc3)CC1=O)C2,herg,1,1,,True,25,0,27,300,0.15333333333333332,0.16333333333333333,0.6833333333333333
99f2bfe2-be77-47ae-8d5a-0eeceb191a8f,CCCCc1oc2ccccc2c1C(=O)c1cc(I)c(OCC[NH+](CC)CC)c(I)c1,herg,1,1,,True,23,0,25,276,0.09782608695652174,0.21014492753623187,0.6920289855072463
9a033dbc-c905-4b15-9728-264757d0082d,CS(=O)(=O)CCNCc1ccc(-c2ccc3ncnc(Nc4ccc(OCc5cccc(F)c5)c(Cl)c4)c3c2)o1,herg,1,1,,True,20,0,22,210,0.20476190476190476,0.16666666666666666,0.6285714285714286
9c27d452-8452-4128-8948-8c6c278d8c70,CC([NH3+])C12CC3CC(CC(C3)C1)C2,herg,0,0,,True,22,0,24,276,0.06884057971014493,0.15942028985507245,0.7717391304347826
a0b13e29-d20b-469a-8e41-277e6530ef97,CC1=C(C/C=C(\C)CCC[C@H](C)CCC[C@H](C)CCCC(C)C)C(=O)c2ccccc2C1=O,herg,1,0,,False,23,0,25,276,0.09782608695652174,0.18115942028985507,0.7210144927536232
a45185d4-0751-44ef-ade4-aadd9fe56163,Cc1ccc([C@@]23CNC[C@@H]2C3)cc1,herg,0,0,,True,22,0,24,276,0.07246376811594203,0.19202898550724637,0.7355072463768116
a63d51fc-88c5-4d9e-8a3f-2232e8d0981b,COc1ccc(CN2CCC(NC(=O)c3cc(=O)c4ccc(F)cc4o3)CC2)c(F)c1,herg,1,1,,True,23,0,25,276,0.09782608695652174,0.17028985507246377,0.7318840579710145
a6e59ffd-08f1-4969-bb62-c6fa68b3c16f,CCc1nc(N)nc(N)c1-c1ccc(Cl)cc1,herg,0,1,,False,24,0,26,300,0.17333333333333334,0.18333333333333332,0.6433333333333333
ace68d82-7078-460e-8a25-cde62e63ff86,CC(C)[C@@H](N)C(=O)N1CC(c2cc(F)ccc2F)=C[C@@H]1c1ccccc1,herg,1,1,,True,22,0,24,276,0.14492753623188406,0.16666666666666666,0.6884057971014492
b17bfa93-d4e4-4359-8916-9267d8652ce0,CCCC(C)C1(CC)C(=O)NC(=S)NC1=O,herg,1,0,,False,21,0,23,253,0.09486166007905138,0.16205533596837945,0.7430830039525692
b18b6bbd-ffff-46b3-b6e7-cf97e3971045,O=C1CCC(N2C(=O)c3ccccc3C2=O)C(=O)N1,herg,0,0,,True,23,0,25,276,0.09057971014492754,0.18840579710144928,0.7210144927536232
b70fcc48-e8c0-4728-9492-6f7ad63f26c5,CCC(CC)c1cn(-c2ccc(F)cc2)c2ccc(Cl)cc12,herg,1,1,,True,25,0,27,325,0.11692307692307692,0.19692307692307692,0.6861538461538461
b91c0465-8731-4fa0-b867-3fd10157aaee,C[NH+](C)CC[C@H](c1ccc(Cl)cc1)c1ccccn1,herg,1,1,,True,21,0,23,231,0.2727272727272727,0.1341991341991342,0.5930735930735931
bd72d2f7-c220-4c0b-9ced-b814efb4a038,C=C[C@H]1CN2CC[C@H]1C[C@@H]2[C@@H](O)c1ccnc2ccc(OC)cc12,herg,1,1,,True,19,0,21,210,0.11428571428571428,0.19523809523809524,0.6904761904761905
c10d9a92-6f89-47a6-9228-2ef416c4fa20,O=C(Cc1ccc(C(F)(F)F)cc1C(F)(F)F)N[C@@H]1N=C(c2ccccc2)c2ccccc2N(CC(F)(F)F)C1=O,herg,1,1,,True,23,0,25,276,0.09057971014492754,0.2318840579710145,0.677536231884058
c381bc68-b0cc-41c2-9121-d45efd0356c0,CN(C)C(=O)N1CC(c2cc(F)ccc2F)=C[C@@H]1c1cccc(O)c1,herg,1,0,,False,26,0,28,351,0.21082621082621084,0.10256410256410256,0.6866096866096866
c9329046-0483-480a-aad3-83fc6e6209df,CCCCNCCC(O)c1cc2c(Cl)cc(Cl)cc2c2cc(C(F)(F)F)ccc12,herg,1,1,,True,22,0,24,253,0.09486166007905138,0.2450592885375494,0.6600790513833992
d055fad7-7d45-4a13-ba56-a08dd4822093,O=C1CCC(c2ccc(Nc3ccncc3)cc2)=NN1,herg,1,0,,False,28,0,30,406,0.1330049261083744,0.11822660098522167,0.7487684729064039
d2804b19-17f6-4e03-96c3-1123d39cedfd,CCCCCCC[N+](CC)(CC)CCCCc1ccc(Cl)cc1.CCCCCCC[N+](CC)(CC)CCCCc1ccc(Cl)cc1.CCCCCCC[N+](CC)(CC)CCCCc1ccc(Cl)cc1.O=P([O-])([O-])[O-],herg,1,1,,True,25,0,27,325,0.06769230769230769,0.2123076923076923,0.72
d3912f64-3a57-44bd-a1ad-5df5fcb4cf39,COc1cc2nc(N(C)CCCNC(=O)[C@H]3CCCO3)nc(C)c2cc1OC,herg,0,0,,True,26,0,28,351,0.16809116809116809,0.1623931623931624,0.6695156695156695
d4d9763a-c8e4-4a8f-b8ed-e8a5960efbb3,c1ccc(-c2[nH]c3ccccc3c2[C@H]2CCC[NH2+]C2)cc1,herg,1,1,,True,25,0,27,325,0.09230769230769231,0.2276923076923077,0.68
d83dee93-a3a5-4487-ac10-af110cf0c037,C[NH+]1CCC[C@H](c2c(-c3ccccc3)[nH]c3ccccc23)C1,herg,1,1,,True,22,0,24,253,0.11857707509881422,0.16996047430830039,0.7114624505928854
db2fe150-ca76-4bb0-b35e-f83e29517573,O=C(O[C@@H]1CN2CCC1CC2)N1CCc2ccccc2[C@@H]1c1ccccc1,herg,1,1,,True,25,0,27,325,0.14153846153846153,0.21846153846153846,0.64
dca669a0-5b45-47b4-a809-490dbdfb419a,CC(C)(C)Oc1cc([C@H](C2=CN[C@H](C(O)(C(F)(F)F)C(F)(F)F)S2)c2cc[n+]([O-])cc2)ccc1OC(F)F,herg,0,1,,False,29,0,31,435,0.06206896551724138,0.18160919540229886,0.7563218390804598
e3bbb20d-410c-4249-a4c3-544710c38646,Cc1cn(C2C=CC(CO)O2)c(=O)[nH]c1=O,herg,0,0,,True,19,0,21,190,0.15263157894736842,0.11052631578947368,0.7368421052631579
e3dd1713-2042-49a1-be7a-1408dcfe3df6,COCCOCC#Cc1cc(-c2n[nH]c3c2C(=O)c2cc(CN4CCN(C)CC4)ccc2-3)cs1,herg,1,1,,True,25,0,27,325,0.08923076923076922,0.2123076923076923,0.6984615384615385
e66833aa-b703-423f-ac3c-ed09e6c2281a,Fc1ccc(-n2cc(C3CC[NH2+]CC3)c3cc(Cl)ccc32)cc1,herg,0,1,,False,25,0,27,325,0.16615384615384615,0.1723076923076923,0.6615384615384615
ea4d8436-7c8b-4511-a105-a9b7a57c01f1,CCC(=O)c1cn(-c2ccc(F)cc2)c2ccc(Cl)cc12,herg,1,1,,True,26,0,28,351,0.09686609686609686,0.17094017094017094,0.7321937321937322
ed8e5846-16b9-469d-a53b-6b09dc7c90fc,CC1CCN(c2c(F)c(N)c3c4c2OC[C@@H](C)[C@@H]4C=C(C(=O)O)C3=O)CC1,herg,0,0,,True,21,0,23,231,0.1038961038961039,0.14285714285714285,0.7532467532467533
00004a84-535d-4b58-a428-83504ef15c3c,Cc1nc2n(c(=O)c1CCN1CCC(c3noc4cc(F)ccc34)CC1)CCCC2,pgp_broccatelli,1,1,,True,22,0,24,253,0.11462450592885376,0.20948616600790515,0.6758893280632411
000b15a5-edf6-4805-b110-e530736b3a98,COc1c(OC(C)=O)c(OC(C)=O)cc2oc(-c3ccccc3)cc(=O)c12,pgp_broccatelli,1,0,,False,22,0,24,253,0.21739130434782608,0.18972332015810275,0.5928853754940712
078ec8fc-5b57-43d5-8e2c-25fc703f112c,CC(C)(Sc1cc(C(C)(C)C)c(O)c(C(C)(C)C)c1)Sc1cc(C(C)(C)C)c(O)c(C(C)(C)C)c1,pgp_broccatelli,0,0,,True,27,0,30,406,0.10344827586206896,0.27832512315270935,0.6182266009852216
08913d6c-a66f-44a7-8108-9dfb0396af6d,COc1cc2c(cc1OC)CN(c1nc(NCCc3cccc(OC)c3OC)nc3cc(OC)c(OC)cc13)CC2,pgp_broccatelli,1,1,,True,24,0,26,300,0.17666666666666667,0.18666666666666668,0.6366666666666667
09bcad8a-4125-43f3-a86a-03561b67e7b2,Cc1c(N(C)C)c(=O)n(-c2ccccc2)n1C,pgp_broccatelli,0,0,,True,21,0,23,231,0.1645021645021645,0.17316017316017315,0.6623376623376623
0b40de54-aeab-47b1-bf50-064ac283859e,CCN(CC)C(=O)N1CCN(C)CC1,pgp_broccatelli,0,0,,True,19,0,21,190,0.22105263157894736,0.3157894736842105,0.4631578947368421
0cad1f44-f3e7-4a63-819e-557d1d169ea5,O=C(Nc1ccc(CCN2CCc3ccccc3C2)cc1)c1cnc2ccccc2c1,pgp_broccatelli,1,1,,True,20,0,22,231,0.16017316017316016,0.2554112554112554,0.5844155844155844
0e44c1cf-3e5e-4113-b565-ab48df692442,C=C[C@@]1(C)OC(=O)N(c2cc(Cl)cc(Cl)c2)C1=O,pgp_broccatelli,0,0,,True,24,0,26,300,0.19666666666666666,0.22,0.5833333333333334
0face276-1a47-4d56-86a7-e4318760599f,O=C(c1ccccc1)c1ccccc1OC[C@H](O)CN1CCN(c2ccc(F)cc2)CC1,pgp_broccatelli,1,1,,True,19,0,21,190,0.2,0.21578947368421053,0.5842105263157895
10eee7e0-e31a-409e-93e8-8fabcf2c8d89,COc1ccc(C(=O)N2CCN(CC(=O)N3CCOCC3)CC2)cc1,pgp_broccatelli,0,0,,True,25,0,27,325,0.14153846153846153,0.31076923076923074,0.5476923076923077
11c8a9c5-f8e5-4f8b-a2ca-1b267b94bbde,O=C(CCc1ccccc1)c1ccc(OC[C@@H](O)CN2CCOCC2)cc1,pgp_broccatelli,1,1,,True,25,0,28,300,0.10333333333333333,0.26666666666666666,0.63
15ca6185-5aab-4406-9389-704702f749fb,CC(C)/N=c1\cc2n(-c3ccc(Cl)cc3)c3ccccc3nc-2cc1Nc1ccc(Cl)cc1,pgp_broccatelli,1,1,,True,26,0,28,351,0.08262108262108261,0.2905982905982906,0.6267806267806267
15fdb67e-5e64-4acb-a8cd-cd14cf5ce633,CN1CCN(CCCN2c3ccccc3Sc3ccc(C(F)(F)F)cc32)CC1,pgp_broccatelli,1,1,,True,18,0,21,190,0.11052631578947368,0.25263157894736843,0.6368421052631579
177db0b3-47ca-4cc9-b995-2657b1b76a26,O=c1cc(-c2ccccc2)oc2ccccc12,pgp_broccatelli,1,0,,False,23,0,26,300,0.11666666666666667,0.18666666666666668,0.6966666666666667
23d94fcd-a3ec-47c7-8ad3-3b96877d7bbe,O=S(=O)(O)CCN1CCN(CCO)CC1,pgp_broccatelli,0,0,,True,20,0,22,210,0.14285714285714285,0.21904761904761905,0.638095238095238
2487e0f4-f7ea-4348-9ebf-9d36fb39f771,CN(CCO)c1nc(N2CCCCC2)c2nc(N(C)CCO)nc(N3CCCCC3)c2n1,pgp_broccatelli,0,1,,False,23,0,27,300,0.14666666666666667,0.2833333333333333,0.57
262fbf2b-1a84-46c1-8c10-55b447c94ffb,COc1ccc(-c2cc(=O)c3c(O)cc(O)cc3o2)cc1,pgp_broccatelli,0,0,,True,21,0,23,231,0.12554112554112554,0.2683982683982684,0.6060606060606061
26da303a-3a6e-4605-98dd-9f60edc4a8cc,C[C@H](CCC(=O)O)[C@@H]1CC[C@H]2C3CC[C@H]4C[C@H](O)CC[C@]4(C)[C@H]3CC[C@@]21C,pgp_broccatelli,1,0,,False,20,0,22,210,0.22857142857142856,0.21428571428571427,0.5571428571428572
271878bb-0846-46a3-be3b-35b918ac9128,CN/C(=C/[N+](=O)[O-])NCCSCc1ccc(CN(C)C)o1,pgp_broccatelli,0,1,,False,24,0,26,300,0.10666666666666667,0.2633333333333333,0.63
271b516b-da38-4319-9413-223706e1bd60,CN1CCN(CC(=O)N2c3ccccc3C(=O)Nc3cccnc32)CC1,pgp_broccatelli,0,1,,False,28,0,30,406,0.15517241379310345,0.2019704433497537,0.6428571428571429
27986858-9c63-43c8-9b20-5fc20277d00f,COc1ccc(CN(C)CCc2ccc(NC(=O)c3ccccc3NC(=O)c3cnc4ccccc4n3)cc2)cc1OC,pgp_broccatelli,1,1,,True,21,0,23,210,0.15714285714285714,0.19523809523809524,0.6476190476190476
29cfbaec-038e-4156-a17e-35f91ed4d513,CCC(=O)N(c1ccccc1)C1(COC)CCN(CCc2cccs2)CC1,pgp_broccatelli,1,1,,True,23,0,25,276,0.17753623188405798,0.2463768115942029,0.5760869565217391
2bcd0652-4a8f-4edc-83cf-81ca861bb469,COC(=O)/C=C(/C)OP(=O)(OC)OC,pgp_broccatelli,0,0,,True,21,0,23,231,0.1038961038961039,0.21645021645021645,0.6796536796536796
2ca2b0f1-bd53-4139-bead-3df33cfe746f,COc1ccc(CCN(C)CCN2C(=O)[C@@H]3C4c5ccccc5C(c5ccccc54)[C@H]3C2=O)cc1OC,pgp_broccatelli,1,1,,True,19,0,21,190,0.1368421052631579,0.24736842105263157,0.6157894736842106
2e2cd0fa-c175-4af8-95b7-0e18499b538e,COc1c(C)c2c(c(O)c1C/C=C(\C)CCC(=O)O)C(=O)OC2,pgp_broccatelli,0,1,,False,27,0,29,378,0.14814814814814814,0.2275132275132275,0.6243386243386243
35f20c8d-9e79-4981-9237-fc4c547ef35c,CC(=O)NO,pgp_broccatelli,0,0,,True,13,0,15,91,0.2087912087912088,0.2967032967032967,0.4945054945054945
3ac3c0e2-168e-4596-a627-e8e506a3eb1b,CCCCCCC[C@@H](O)[C@H](C)C(=O)O[C@H](C(=O)OC)C(C)C,pgp_broccatelli,1,0,,False,22,0,24,253,0.1541501976284585,0.22924901185770752,0.616600790513834
3c5ed5f5-c244-4333-b44c-ee78d6785b59,CN1CCc2cc3c(cc2[C@@H]1O)OCO3,pgp_broccatelli,0,0,,True,21,0,23,231,0.08658008658008658,0.1774891774891775,0.7359307359307359
43da8457-7c17-4f40-972e-1f74f385ca24,CC(O)(P(=O)(O)O)P(=O)(O)O,pgp_broccatelli,0,0,,True,17,0,19,153,0.19607843137254902,0.2222222222222222,0.5816993464052288
4518e316-4529-48db-bae6-1a093ed1d82e,CNC(=O)O/N=C/C(C)(C)SC,pgp_broccatelli,0,0,,True,21,0,23,231,0.12554112554112554,0.19480519480519481,0.6796536796536796
468cad59-95a6-4618-abec-01127cdb6d31,COc1cc2oc(-c3ccccc3)cc(=O)c2c(O)c1OC,pgp_broccatelli,1,0,,False,23,0,26,300,0.17333333333333334,0.29333333333333333,0.5333333333333333
4bbcf9df-7a13-4076-a75f-d88e4631181a,C[C@H](CCCNCCO)Nc1ccnc2cc(Cl)ccc12,pgp_broccatelli,0,1,,False,25,0,27,325,0.11692307692307692,0.24615384615384617,0.6369230769230769
4f8d5cae-2239-4bf3-81fc-2663df1a88bc,COc1ccc(C(=O)CCc2ccc(N(C)C)cc2)c(OC[C@@H](O)CN2CCN(c3ccccc3C)CC2)c1,pgp_broccatelli,1,1,,True,23,0,25,276,0.2608695652173913,0.21014492753623187,0.5289855072463768
505979c0-d037-4b87-8d45-db56bdde3a64,O=S(=O)(O)CCS,pgp_broccatelli,0,0,,True,15,0,17,120,0.18333333333333332,0.325,0.49166666666666664
50f5a5be-add1-4ee6-8044-26c743171b99,COc1ccc(CCN2CCC[C@@H]2CNC(=O)c2ccccc2NC(=O)c2cnc3ccccc3c2)cc1OC,pgp_broccatelli,1,1,,True,20,0,22,210,0.11428571428571428,0.2,0.6857142857142857
5c0f1f93-04a3-46f0-9ab2-10e05add0be0,Cc1c(N(C)CS(=O)(=O)O)c(=O)n(-c2ccccc2)n1C,pgp_broccatelli,0,0,,True,22,0,25,276,0.16666666666666666,0.2318840579710145,0.6014492753623188
5e730b1d-ec26-4628-bb5a-632d75f073f9,COc1ccc(C(=O)O[C@H]2CC[C@@]3(C)[C@H]4CC[C@H]5[C@]6(O)[C@H](C[C@@]53O[C@]24O)[C@@H]2CN3C[C@@H](C)CC[C@H]3[C@@](C)(O)[C@H]2[C@@H](O)[C@H]6O)cc1OC,pgp_broccatelli,0,1,,False,23,0,25,300,0.17666666666666667,0.24333333333333335,0.58
61ff8c07-1045-4b8d-a4c7-221f58bff7b2,COc1ccc2c(c1)c(CC(=O)O)c(C)n2C(=O)c1ccc(Cl)cc1,pgp_broccatelli,0,0,,True,22,0,24,231,0.21645021645021645,0.3333333333333333,0.45021645021645024
6376ee41-be5f-4b55-9ea8-b82a3d04e0ef,COc1cccc(CCc2ccccc2OCCCCCN2CCN(c3ccccc3OC)CC2)c1,pgp_broccatelli,1,1,,True,19,0,21,171,0.15789473684210525,0.22807017543859648,0.6140350877192983
67afa349-54f6-4353-91b6-904742a99c22,O=c1[nH]c2ccccc2n1CCCN1CCC(n2c(=O)[nH]c3cc(Cl)ccc32)CC1,pgp_broccatelli,0,1,,False,22,0,24,253,0.16205533596837945,0.2648221343873518,0.5731225296442688
67b5915c-5d44-4053-ac96-e1d7808030ab,CCNCc1cc(Nc2ccnc3cc(Cl)ccc23)ccc1O,pgp_broccatelli,1,1,,True,19,0,23,231,0.15151515151515152,0.2077922077922078,0.6406926406926406
6f5f2840-d4a7-43a0-bbc7-5cb3913c83c7,Cc1cc(=O)n(-c2ccccc2)n1C,pgp_broccatelli,0,0,,True,19,0,21,190,0.20526315789473684,0.18947368421052632,0.6052631578947368
71788e94-b8de-4016-9d60-d52b400bfb78,COc1cc(-c2oc3cc(O)cc(O)c3c(=O)c2O)cc(OC)c1OC,pgp_broccatelli,1,1,,True,26,0,29,378,0.13756613756613756,0.2222222222222222,0.6402116402116402
78fbc482-89b3-4c26-9f81-1d2b09ebe467,COc1cc2c(cc1OC)CN(CCc1ccc(NC(=O)c3ccc4ncccc4c3)cc1)CC2,pgp_broccatelli,1,1,,True,20,0,22,210,0.20476190476190476,0.22857142857142856,0.5666666666666667
7c2665fb-565b-4619-97dd-65d4fcd8ba5d,O=C1CCc2cc(OCCCCc3nnnn3C3CCCCC3)ccc2N1,pgp_broccatelli,1,1,,True,22,0,24,253,0.07905138339920949,0.2845849802371542,0.6363636363636364
7cc15f53-0b86-443e-8c45-0a3fa4405924,c1ccc(CCc2ccccc2OCc2ccccn2)cc1,pgp_broccatelli,0,0,,True,21,0,23,253,0.11462450592885376,0.25691699604743085,0.6284584980237155
83a1cb5c-38a5-47b3-b2b2-d589b1cf0ddc,CNCCCN1c2ccccc2CCc2ccccc21,pgp_broccatelli,0,0,,True,22,0,24,253,0.11462450592885376,0.22134387351778656,0.6640316205533597
869308e6-7998-49a1-80eb-e4873437259f,CS(=O)(=O)OCCCCOS(C)(=O)=O,pgp_broccatelli,0,0,,True,20,0,22,210,0.11428571428571428,0.19047619047619047,0.6952380952380952
8d3b8786-02c7-4f40-8e18-22297916ec3e,Cc1cccc(N2CCN(C[C@@H](O)COc3ccc(C(=O)CCc4ccccc4)cc3)CC2)c1C,pgp_broccatelli,1,1,,True,22,0,24,253,0.16996047430830039,0.1976284584980237,0.6324110671936759
8df84880-6661-47af-8eeb-15f59838dba8,C=C1c2cccc(OC[C@H](O)CN3CCN(c4cccc(C)c4C)CC3)c2C(=O)[C@@H]1c1ccccc1,pgp_broccatelli,1,1,,True,21,0,23,253,0.20553359683794467,0.16996047430830039,0.6245059288537549
8f012071-d99d-4a69-8496-2af399555dfb,Cc1ccccc1N1CCN(C[C@H](O)COc2ccccc2C(=O)CCc2ccccc2)CC1,pgp_broccatelli,1,1,,True,21,0,24,253,0.233201581027668,0.20553359683794467,0.5612648221343873
8fc031de-705a-4515-bae7-d88fa792bfd4,OCCN(CCO)c1nc(N2CCCCC2)c2nc(N(CCO)CCO)nc(N3CCCCC3)c2n1,pgp_broccatelli,1,1,,True,27,0,29,378,0.10317460317460317,0.29894179894179895,0.5978835978835979
91aee254-7b0b-4207-bbac-807fb8d2d2a8,O=C(Cn1c(=O)sc2ccc(Cl)cc21)N1CCN(CCO)CC1,pgp_broccatelli,0,1,,False,26,0,28,325,0.18461538461538463,0.23384615384615384,0.5815384615384616
94d67de3-4d19-440f-89f5-3c2540e645e5,Cn1c(-c2ccc3c(c2)OCO3)cc(=O)c2ccccc21,pgp_broccatelli,0,0,,True,22,0,24,253,0.12648221343873517,0.21739130434782608,0.6561264822134387
975e91fd-47a0-42e6-a196-593706bf1b2e,O=C(Cc1ccccc1)OCCN1CCN(CCOC(=O)Cc2ccccc2)CC1,pgp_broccatelli,0,1,,False,23,0,25,253,0.11067193675889328,0.20553359683794467,0.6837944664031621
9990883a-e680-4e8b-8ccd-15d5cdd9a985,Cc1cccc(Nc2cc(Cl)nc(SCC(=O)O)n2)c1C,pgp_broccatelli,0,0,,True,24,0,26,300,0.11,0.21666666666666667,0.6733333333333333
a1ee6e84-3758-481f-8144-75d1737a8750,COc1ccc(CN(CCN(C)C)c2nccs2)cc1,pgp_broccatelli,0,0,,True,27,0,29,378,0.12698412698412698,0.30687830687830686,0.5661375661375662
a8ee429a-d746-4361-be33-8dd4c888f09c,NS(=O)(=O)c1cc([C@@]2(O)NC(=O)c3ccccc32)ccc1Cl,pgp_broccatelli,0,0,,True,18,0,20,171,0.23976608187134502,0.30994152046783624,0.4502923976608187
aac5c9e1-3c9f-4532-925f-c2426427b141,NS(=O)(=O)c1cc2c(cc1Cl)NC(CSCc1ccccc1)=NS2(=O)=O,pgp_broccatelli,1,1,,True,23,0,25,276,0.10144927536231885,0.2644927536231884,0.6340579710144928
af04acd3-2b29-4ddf-9d54-7f26d7e2c03b,CC(=O)SC[C@@H](Cc1ccccc1)C(=O)NCC(=O)OCc1ccccc1,pgp_broccatelli,0,1,,False,27,0,29,378,0.10052910052910052,0.2724867724867725,0.626984126984127
b152981b-a13c-420c-bb63-51ad1d9c65c6,C[C@H](CCc1ccccc1)NC[C@H](O)c1ccc(O)c(C(N)=O)c1,pgp_broccatelli,0,1,,False,29,0,31,435,0.07816091954022988,0.3103448275862069,0.6114942528735632
b1674ac0-0617-486e-a073-688c6d12737e,CCCOc1c(OC)cc2oc(-c3ccccc3)cc(=O)c2c1OC,pgp_broccatelli,1,0,,False,22,0,24,253,0.10276679841897234,0.2450592885375494,0.6521739130434783
b32043f0-7d9c-4259-9325-b7a2d0dc486b,CNC(=O)O/N=C(\C)SC,pgp_broccatelli,0,0,,True,21,0,23,231,0.16883116883116883,0.15584415584415584,0.6753246753246753
b3f1bbab-3bb5-44ed-ae42-25adf502a227,N#Cc1c2n(c3c(N4CCN(CCc5ccc(F)c(F)c5)CC4)nc(-c4ccncc4)nc13)CCCC2,pgp_broccatelli,1,1,,True,23,0,25,300,0.12666666666666668,0.17666666666666667,0.6966666666666667
b53c59ba-fc90-4010-832f-326d604ea616,C1CCc2nnnn2CC1,pgp_broccatelli,1,0,,False,18,0,20,171,0.1695906432748538,0.18128654970760233,0.6491228070175439
b56a37d3-e226-4aa9-a856-a91e66953f8d,CN(CCCl)CCCl,pgp_broccatelli,0,0,,True,19,0,21,190,0.21578947368421053,0.21052631578947367,0.5736842105263158
b7feb720-e902-4196-a231-1cddd9f4dd0f,O=C(NCc1ccccc1)c1ccccc1,pgp_broccatelli,0,0,,True,20,0,22,210,0.14761904761904762,0.20476190476190476,0.6476190476190476
bd832691-90a3-4d80-a537-2ed13ea7f797,COP(=O)(OC)[C@H](O)C(Cl)(Cl)Cl,pgp_broccatelli,0,0,,True,21,0,23,190,0.12631578947368421,0.3105263157894737,0.5631578947368421
c4f9cd54-8b00-44d7-873e-5bda3418d438,O=C(O)CN1C2=C1C(c1ccccc1)(c1ccccc1)N2,pgp_broccatelli,0,0,,True,23,0,25,276,0.13043478260869565,0.2644927536231884,0.605072463768116
c4fb0bf8-c9f6-4695-b2bf-b57eebd65408,Cc1ccc(-c2n[nH]c3c2[C@H](c2ccc(N(C)C)cc2)C(C#N)=C(N)O3)cc1,pgp_broccatelli,1,0,,False,18,0,20,153,0.3202614379084967,0.16339869281045752,0.5163398692810458
c69cc3d4-197d-4229-8fbc-e152b18902d7,CC(=O)c1cc(C)ccc1OC[C@@H](O)CN1CCCCC1,pgp_broccatelli,1,0,,False,19,0,21,190,0.1,0.1631578947368421,0.7368421052631579
c6d549c4-9615-4d18-be18-b1147123e144,COc1ccc([C@@H]2CC(=O)c3c(O)cc(O[C@H]4O[C@@H](CO[C@H]5O[C@H](C)[C@H](O)[C@H](O)[C@@H]5O)[C@H](O)[C@@H](O)[C@H]4O)cc3O2)cc1O,pgp_broccatelli,0,1,,False,21,0,23,253,0.09090909090909091,0.2964426877470356,0.6126482213438735
d0751677-175f-44c5-9545-7dafc2290afe,COc1c2c(cc3c1OCO3)CCN(C)C2,pgp_broccatelli,0,0,,True,20,0,22,210,0.14285714285714285,0.18095238095238095,0.6761904761904762
d17c8717-1e58-4ca5-b8df-8477ac6148d8,CC(=O)Oc1c(O)cc2oc(-c3ccccc3)cc(=O)c2c1O,pgp_broccatelli,1,0,,False,21,0,23,231,0.12987012987012986,0.2510822510822511,0.6190476190476191
d60cb2df-c175-442b-9162-8c4a2c55486c,CC[C@]1(C)CC(=O)NC1=O,pgp_broccatelli,0,0,,True,19,0,22,210,0.1619047619047619,0.19047619047619047,0.6476190476190476
d6e33032-c76e-4962-9512-1f75f70fcb2e,CC(C)N(C[C@H](O)COc1ccccc1C(=O)CCc1cccc2ccccc12)C(C)C,pgp_broccatelli,1,1,,True,19,0,21,210,0.1619047619047619,0.2619047619047619,0.5761904761904761
d933db74-41ee-4489-af2d-f30090b7c106,COc1cc2c(cc1OC)CN(CCc1ccc(NC(=O)c3ccccc3NC(=O)c3cnccn3)cc1)CC2,pgp_broccatelli,1,1,,True,22,0,24,253,0.2845849802371542,0.19367588932806323,0.5217391304347826
d9b9e6ed-79e5-4125-bc95-91cb4b763906,NC(=O)CCN1C(=O)NC(c2ccccc2)(c2ccccc2)C1=O,pgp_broccatelli,0,1,,False,21,0,23,231,0.16883116883116883,0.22510822510822512,0.6060606060606061
dad24692-2f16-4769-8bb9-36c45b20e02a,O=c1oc2c(O)c(O)cc3c(=O)oc4c(O)c(O)cc1c4c23,pgp_broccatelli,0,0,,True,25,0,27,276,0.11594202898550725,0.3442028985507246,0.5398550724637681
db07c8f2-4a30-4e79-b553-de72951003ad,COc1ccc(-c2cc(=O)c3c(OC)cc(OC)cc3o2)cc1,pgp_broccatelli,1,0,,False,23,0,25,276,0.213768115942029,0.2427536231884058,0.5434782608695652
dcde7fe3-0550-4885-97ca-9d39deee500c,NS(=O)(=O)c1cc2c(cc1Cl)NC=NS2(=O)=O,pgp_broccatelli,0,0,,True,21,0,23,190,0.16842105263157894,0.24736842105263157,0.5842105263157895
dcf46bb2-68ad-4cca-90d7-0d4fba133a5f,CN(C)CCCOc1nn(Cc2ccccc2)c2ccccc12,pgp_broccatelli,1,1,,True,26,0,28,351,0.1111111111111111,0.301994301994302,0.5868945868945868
e133082f-5659-4421-ba15-be77d7705896,Nc1nnc(-c2cccc(Cl)c2Cl)c(N)n1,pgp_broccatelli,0,0,,True,22,0,24,253,0.11067193675889328,0.22924901185770752,0.6600790513833992
e364dd8a-ff5c-439a-9057-687c5ca06daa,c1ccc(CCc2c(CCN3CCCCC3)oc3ccccc23)cc1,pgp_broccatelli,1,0,,False,26,0,28,351,0.13105413105413105,0.21652421652421652,0.6524216524216524
edb407cf-8e66-44e0-a5e4-773344a881b1,CCC(=O)c1ccccc1OC[C@H](O)CN1CCCCC1,pgp_broccatelli,1,1,,True,27,0,29,378,0.14285714285714285,0.2830687830687831,0.5740740740740741
efb94ce0-6aae-41ca-a41c-1bc07fb99125,CN1CCC[C@H](CC2c3ccccc3Sc3ccccc32)C1,pgp_broccatelli,1,0,,False,23,0,25,276,0.16666666666666666,0.25,0.5833333333333334
f1b09e20-7f05-479e-a03f-834d9243fa1a,CC(C)(C)c1ccc([C@H](O)CCCN2CCC(C(O)(c3ccccc3)c3ccccc3)CC2)cc1,pgp_broccatelli,1,1,,True,22,0,24,253,0.1225296442687747,0.26877470355731226,0.6086956521739131
f38962ac-513c-4224-b569-33c1302d8afc,CCN(CC)CCC[C@H](C)N[C@H]1c2ccccc2N[C@@H](C)[C@@H]1OC(=O)c1ccc(C)cc1,pgp_broccatelli,1,1,,True,20,0,23,231,0.12554112554112554,0.22077922077922077,0.6536796536796536
f39ee36b-f259-4df3-8322-2909c5bc8db0,CN1C[C@@H](CNC(=O)OCc2ccccc2)C[C@H]2c3cccc4c3c(cn4C)C[C@H]21,pgp_broccatelli,1,1,,True,25,0,27,325,0.11076923076923077,0.30153846153846153,0.5876923076923077
f4e55398-de1f-48b6-b03b-5e25352aa906,CC(=O)[C@@H]1CC[C@@H]2[C@@H]3CC=C4C[C@H](O)CC[C@]4(C)[C@H]3CC[C@]12C,pgp_broccatelli,0,0,,True,18,0,20,171,0.14619883040935672,0.22807017543859648,0.6257309941520468
f63a2430-089a-4958-a597-57ef0da57ea4,CN(C)c1ccc(-c2nc(-c3ccc(/C=C/COc4ccccc4)cc3)[nH]c2-c2ccc(N(C)C)cc2)cc1,pgp_broccatelli,1,1,,True,22,0,24,253,0.11857707509881422,0.26877470355731226,0.6126482213438735
f677ef38-35af-4d79-ba56-e5815bc488d6,CCCCCOc1cc2oc(-c3ccccc3)cc(=O)c2c(O)c1OCCCCC,pgp_broccatelli,1,1,,True,25,0,27,276,0.18115942028985507,0.34057971014492755,0.4782608695652174
f6b8c03c-8328-4b70-a37d-a234056ce1f9,O=C(CCc1cccc2ccccc12)c1ccccc1OC[C@@H](O)CN1CCC(O)(c2ccccc2)CC1,pgp_broccatelli,1,1,,True,19,0,21,190,0.1736842105263158,0.18947368421052632,0.6368421052631579
f897bdb0-46c6-42a0-ad18-559c72ba4830,O=c1c(Cc2c(O)oc3ccccc3c2=O)c(O)oc2ccccc12,pgp_broccatelli,0,0,,True,20,0,22,210,0.15714285714285714,0.20476190476190476,0.638095238095238
f8e7f629-48c0-4d55-804d-23bf25632964,COc1ccc2c(=O)cc(-c3ccc(OC)c(OC)c3)oc2c1,pgp_broccatelli,1,0,,False,23,0,25,276,0.11956521739130435,0.29347826086956524,0.5869565217391305
facd4a0f-1312-4e2e-a27b-e27762c36215,COc1cc(NS(=O)(=O)c2ccc(N)cc2)nc(OC)n1,pgp_broccatelli,0,0,,True,23,0,25,276,0.10144927536231885,0.21739130434782608,0.6811594202898551
fca399cd-d974-44f5-9abc-6dbac8e5b581,CC(=O)Oc1c(OC(C)=O)c(O)c2c(=O)cc(-c3ccccc3)oc2c1Br,pgp_broccatelli,1,1,,True,25,0,27,325,0.09846153846153846,0.3476923076923077,0.5538461538461539
ffeddf41-c44f-4bb8-a76d-5f0a63e5e946,COc1ccc(-c2cc(=O)c3c(OC)c(OC)c(OC)cc3o2)cc1OC,pgp_broccatelli,1,1,,True,24,0,26,253,0.09881422924901186,0.23715415019762845,0.6640316205533597
